/*
SQLyog Ultimate v10.42 
MySQL - 5.5.5-10.4.6-MariaDB : Database - hms
*********************************************************************
*/

/*!40101 SET NAMES utf8 */;

/*!40101 SET SQL_MODE=''*/;

/*!40014 SET @OLD_UNIQUE_CHECKS=@@UNIQUE_CHECKS, UNIQUE_CHECKS=0 */;
/*!40014 SET @OLD_FOREIGN_KEY_CHECKS=@@FOREIGN_KEY_CHECKS, FOREIGN_KEY_CHECKS=0 */;
/*!40101 SET @OLD_SQL_MODE=@@SQL_MODE, SQL_MODE='NO_AUTO_VALUE_ON_ZERO' */;
/*!40111 SET @OLD_SQL_NOTES=@@SQL_NOTES, SQL_NOTES=0 */;
CREATE DATABASE /*!32312 IF NOT EXISTS*/`hms` /*!40100 DEFAULT CHARACTER SET latin1 */;

USE `hms`;

/*Table structure for table `block` */

DROP TABLE IF EXISTS `block`;

CREATE TABLE `block` (
  `block_id` int(10) NOT NULL AUTO_INCREMENT,
  `name` varchar(20) DEFAULT NULL,
  PRIMARY KEY (`block_id`)
) ENGINE=InnoDB AUTO_INCREMENT=6 DEFAULT CHARSET=latin1;

/*Data for the table `block` */

insert  into `block`(`block_id`,`name`) values (1,'TUAH'),(2,'LEKIR'),(3,'LEKIU'),(4,'KASTURI'),(5,'JEBAT');

/*Table structure for table `booking` */

DROP TABLE IF EXISTS `booking`;

CREATE TABLE `booking` (
  `b_id` int(10) NOT NULL AUTO_INCREMENT,
  `user_id` int(10) DEFAULT NULL,
  `room_id` int(10) DEFAULT NULL,
  `sdate` datetime DEFAULT NULL,
  `edate` datetime DEFAULT NULL,
  `status` varchar(20) DEFAULT NULL,
  PRIMARY KEY (`b_id`)
) ENGINE=InnoDB AUTO_INCREMENT=6 DEFAULT CHARSET=latin1;

/*Data for the table `booking` */

insert  into `booking`(`b_id`,`user_id`,`room_id`,`sdate`,`edate`,`status`) values (4,2,1,'2020-09-16 00:00:00','2020-09-17 00:00:00','booking'),(5,2,2,'2020-09-17 00:00:00','2020-09-25 00:00:00','booking');

/*Table structure for table `house` */

DROP TABLE IF EXISTS `house`;

CREATE TABLE `house` (
  `house_id` int(10) NOT NULL AUTO_INCREMENT,
  `level_id` int(10) DEFAULT NULL,
  `name` varchar(20) DEFAULT NULL,
  PRIMARY KEY (`house_id`)
) ENGINE=InnoDB AUTO_INCREMENT=541 DEFAULT CHARSET=latin1;

/*Data for the table `house` */

insert  into `house`(`house_id`,`level_id`,`name`) values (1,1,'House 1'),(2,1,'House 2'),(3,1,'House 3'),(4,1,'House 4'),(5,1,'House 5'),(6,1,'House 6'),(7,1,'House 7'),(8,1,'House 8'),(9,1,'House 9'),(10,1,'House 10'),(11,1,'House 11'),(12,1,'House 12'),(13,2,'House 1'),(14,2,'House 2'),(15,2,'House 3'),(16,2,'House 4'),(17,2,'House 5'),(18,2,'House 6'),(19,2,'House 7'),(20,2,'House 8'),(21,2,'House 9'),(22,2,'House 10'),(23,2,'House 11'),(24,2,'House 12'),(25,3,'House 1'),(26,3,'House 2'),(27,3,'House 3'),(28,3,'House 4'),(29,3,'House 5'),(30,3,'House 6'),(31,3,'House 7'),(32,3,'House 8'),(33,3,'House 9'),(34,3,'House 10'),(35,3,'House 11'),(36,3,'House 12'),(37,4,'House 1'),(38,4,'House 2'),(39,4,'House 3'),(40,4,'House 4'),(41,4,'House 5'),(42,4,'House 6'),(43,4,'House 7'),(44,4,'House 8'),(45,4,'House 9'),(46,4,'House 10'),(47,4,'House 11'),(48,4,'House 12'),(49,5,'House 1'),(50,5,'House 2'),(51,5,'House 3'),(52,5,'House 4'),(53,5,'House 5'),(54,5,'House 6'),(55,5,'House 7'),(56,5,'House 8'),(57,5,'House 9'),(58,5,'House 10'),(59,5,'House 11'),(60,5,'House 12'),(61,6,'House 1'),(62,6,'House 2'),(63,6,'House 3'),(64,6,'House 4'),(65,6,'House 5'),(66,6,'House 6'),(67,6,'House 7'),(68,6,'House 8'),(69,6,'House 9'),(70,6,'House 10'),(71,6,'House 11'),(72,6,'House 12'),(73,7,'House 1'),(74,7,'House 2'),(75,7,'House 3'),(76,7,'House 4'),(77,7,'House 5'),(78,7,'House 6'),(79,7,'House 7'),(80,7,'House 8'),(81,7,'House 9'),(82,7,'House 10'),(83,7,'House 11'),(84,7,'House 12'),(85,8,'House 1'),(86,8,'House 2'),(87,8,'House 3'),(88,8,'House 4'),(89,8,'House 5'),(90,8,'House 6'),(91,8,'House 7'),(92,8,'House 8'),(93,8,'House 9'),(94,8,'House 10'),(95,8,'House 11'),(96,8,'House 12'),(97,9,'House 1'),(98,9,'House 2'),(99,9,'House 3'),(100,9,'House 4'),(101,9,'House 5'),(102,9,'House 6'),(103,9,'House 7'),(104,9,'House 8'),(105,9,'House 9'),(106,9,'House 10'),(107,9,'House 11'),(108,9,'House 12'),(109,10,'House 1'),(110,10,'House 2'),(111,10,'House 3'),(112,10,'House 4'),(113,10,'House 5'),(114,10,'House 6'),(115,10,'House 7'),(116,10,'House 8'),(117,10,'House 9'),(118,10,'House 10'),(119,10,'House 11'),(120,10,'House 12'),(121,11,'House 1'),(122,11,'House 2'),(123,11,'House 3'),(124,11,'House 4'),(125,11,'House 5'),(126,11,'House 6'),(127,11,'House 7'),(128,11,'House 8'),(129,11,'House 9'),(130,11,'House 10'),(131,11,'House 11'),(132,1,'House 12'),(133,12,'House 1'),(134,12,'House 2'),(135,12,'House 3'),(136,12,'House 4'),(137,12,'House 5'),(138,12,'House 6'),(139,12,'House 7'),(140,12,'House 8'),(141,12,'House 9'),(142,12,'House 10'),(143,12,'House 11'),(144,12,'House 12'),(145,13,'House 1'),(146,13,'House 2'),(147,13,'House 3'),(148,13,'House 4'),(149,13,'House 5'),(150,13,'House 6'),(151,13,'House 7'),(152,13,'House 8'),(153,13,'House 9'),(154,13,'House 10'),(155,13,'House 11'),(156,13,'House 12'),(157,14,'House 1'),(158,14,'House 2'),(159,14,'House 3'),(160,14,'House 4'),(161,14,'House 5'),(162,14,'House 6'),(163,14,'House 7'),(164,14,'House 8'),(165,14,'House 9'),(166,14,'House 10'),(167,14,'House 11'),(168,14,'House 12'),(169,15,'House 1'),(170,15,'House 2'),(171,15,'House 3'),(172,15,'House 4'),(173,15,'House 5'),(174,15,'House 6'),(175,15,'House 7'),(176,15,'House 8'),(177,15,'House 9'),(178,15,'House 10'),(179,15,'House 11'),(180,15,'House 12'),(181,16,'House 1'),(182,16,'House 2'),(183,16,'House 3'),(184,16,'House 4'),(185,16,'House 5'),(186,16,'House 6'),(187,16,'House 7'),(188,16,'House 8'),(189,16,'House 9'),(190,16,'House 10'),(191,16,'House 11'),(192,16,'House 12'),(193,17,'House 1'),(194,17,'House 2'),(195,17,'House 3'),(196,17,'House 4'),(197,17,'House 5'),(198,17,'House 6'),(199,17,'House 7'),(200,17,'House 8'),(201,17,'House 9'),(202,17,'House 10'),(203,17,'House 11'),(204,17,'House 12'),(205,18,'House 1'),(206,18,'House 2'),(207,18,'House 3'),(208,18,'House 4'),(209,18,'House 5'),(210,18,'House 6'),(211,18,'House 7'),(212,18,'House 8'),(213,18,'House 9'),(214,18,'House 10'),(215,18,'House 11'),(216,18,'House 12'),(217,19,'House 1'),(218,19,'House 2'),(219,19,'House 3'),(220,19,'House 4'),(221,19,'House 5'),(222,19,'House 6'),(223,19,'House 7'),(224,19,'House 8'),(225,19,'House 9'),(226,19,'House 10'),(227,19,'House 11'),(228,19,'House 12'),(229,20,'House 1'),(230,20,'House 2'),(231,20,'House 3'),(232,20,'House 4'),(233,20,'House 5'),(234,20,'House 6'),(235,20,'House 7'),(236,20,'House 8'),(237,20,'House 9'),(238,20,'House 10'),(239,20,'House 11'),(240,20,'House 12'),(241,21,'House 1'),(242,21,'House 2'),(243,21,'House 3'),(244,21,'House 4'),(245,21,'House 5'),(246,21,'House 6'),(247,21,'House 7'),(248,21,'House 8'),(249,21,'House 9'),(250,21,'House 10'),(251,21,'House 11'),(252,21,'House 12'),(253,22,'House 1'),(254,22,'House 2'),(255,22,'House 3'),(256,22,'House 4'),(257,22,'House 5'),(258,22,'House 6'),(259,22,'House 7'),(260,22,'House 8'),(261,22,'House 9'),(262,22,'House 10'),(263,22,'House 11'),(264,22,'House 12'),(265,23,'House 1'),(266,23,'House 2'),(267,23,'House 3'),(268,23,'House 4'),(269,23,'House 5'),(270,23,'House 6'),(271,23,'House 7'),(272,23,'House 8'),(273,23,'House 9'),(274,23,'House 10'),(275,23,'House 11'),(276,23,'House 12'),(277,24,'House 1'),(278,24,'House 2'),(279,24,'House 3'),(280,24,'House 4'),(281,24,'House 5'),(282,24,'House 6'),(283,24,'House 7'),(284,24,'House 8'),(285,24,'House 9'),(286,24,'House 10'),(287,24,'House 11'),(288,24,'House 12'),(289,25,'House 1'),(290,25,'House 2'),(291,25,'House 3'),(292,25,'House 4'),(293,25,'House 5'),(294,25,'House 6'),(295,25,'House 7'),(296,25,'House 8'),(297,25,'House 9'),(298,25,'House 10'),(299,25,'House 11'),(300,25,'House 12'),(301,26,'House 1'),(302,26,'House 2'),(303,26,'House 3'),(304,26,'House 4'),(305,26,'House 5'),(306,26,'House 6'),(307,26,'House 7'),(308,26,'House 8'),(309,26,'House 9'),(310,26,'House 10'),(311,26,'House 11'),(312,26,'House 12'),(313,27,'House 1'),(314,27,'House 2'),(315,27,'House 3'),(316,27,'House 4'),(317,27,'House 5'),(318,27,'House 6'),(319,27,'House 7'),(320,27,'House 8'),(321,27,'House 9'),(322,27,'House 10'),(323,27,'House 11'),(324,27,'House 12'),(325,28,'House 1'),(326,28,'House 2'),(327,28,'House 3'),(328,28,'House 4'),(329,28,'House 5'),(330,28,'House 6'),(331,28,'House 7'),(332,28,'House 8'),(333,28,'House 9'),(334,28,'House 10'),(335,28,'House 11'),(336,28,'House 12'),(337,29,'House 1'),(338,29,'House 2'),(339,29,'House 3'),(340,29,'House 4'),(341,29,'House 5'),(342,29,'House 6'),(343,29,'House 7'),(344,29,'House 8'),(345,29,'House 9'),(346,29,'House 10'),(347,29,'House 11'),(348,29,'House 12'),(349,30,'House 1'),(350,30,'House 2'),(351,30,'House 3'),(352,30,'House 4'),(353,30,'House 5'),(354,30,'House 6'),(355,30,'House 7'),(356,30,'House 8'),(357,30,'House 9'),(358,30,'House 10'),(359,30,'House 11'),(360,30,'House 12'),(361,31,'House 1'),(362,31,'House 2'),(363,31,'House 3'),(364,31,'House 4'),(365,31,'House 5'),(366,31,'House 6'),(367,31,'House 7'),(368,31,'House 8'),(369,31,'House 9'),(370,31,'House 10'),(371,31,'House 11'),(372,31,'House 12'),(373,32,'House 1'),(374,32,'House 2'),(375,32,'House 3'),(376,32,'House 4'),(377,32,'House 5'),(378,32,'House 6'),(379,32,'House 7'),(380,32,'House 8'),(381,32,'House 9'),(382,32,'House 10'),(383,32,'House 11'),(384,32,'House 12'),(385,33,'House 1'),(386,33,'House 2'),(387,33,'House 3'),(388,33,'House 4'),(389,33,'House 5'),(390,33,'House 6'),(391,33,'House 7'),(392,33,'House 8'),(393,33,'House 9'),(394,33,'House 10'),(395,33,'House 11'),(396,33,'House 12'),(397,34,'House 1'),(398,34,'House 2'),(399,34,'House 3'),(400,34,'House 4'),(401,34,'House 5'),(402,34,'House 6'),(403,34,'House 7'),(404,34,'House 8'),(405,34,'House 9'),(406,34,'House 10'),(407,34,'House 11'),(408,34,'House 12'),(409,35,'House 1'),(410,35,'House 2'),(411,35,'House 3'),(412,35,'House 4'),(413,35,'House 5'),(414,35,'House 6'),(415,35,'House 7'),(416,35,'House 8'),(417,35,'House 9'),(418,35,'House 10'),(419,35,'House 11'),(420,35,'House 12'),(421,36,'House 1'),(422,36,'House 2'),(423,36,'House 3'),(424,36,'House 4'),(425,36,'House 5'),(426,36,'House 6'),(427,36,'House 7'),(428,36,'House 8'),(429,36,'House 9'),(430,36,'House 10'),(431,36,'House 11'),(432,36,'House 12'),(433,37,'House 1'),(434,37,'House 2'),(435,37,'House 3'),(436,37,'House 4'),(437,37,'House 5'),(438,37,'House 6'),(439,37,'House 7'),(440,37,'House 8'),(441,37,'House 9'),(442,37,'House 10'),(443,37,'House 11'),(444,37,'House 12'),(445,38,'House 1'),(446,38,'House 2'),(447,38,'House 3'),(448,38,'House 4'),(449,38,'House 5'),(450,38,'House 6'),(451,38,'House 7'),(452,38,'House 8'),(453,38,'House 9'),(454,38,'House 10'),(455,38,'House 11'),(456,38,'House 12'),(457,39,'House 1'),(458,39,'House 2'),(459,39,'House 3'),(460,39,'House 4'),(461,39,'House 5'),(462,39,'House 6'),(463,39,'House 7'),(464,39,'House 8'),(465,39,'House 9'),(466,39,'House 10'),(467,39,'House 11'),(468,39,'House 12'),(469,40,'House 1'),(470,40,'House 2'),(471,40,'House 3'),(472,40,'House 4'),(473,40,'House 5'),(474,40,'House 6'),(475,40,'House 7'),(476,40,'House 8'),(477,40,'House 9'),(478,40,'House 10'),(479,40,'House 11'),(480,40,'House 12'),(481,41,'House 1'),(482,41,'House 2'),(483,41,'House 3'),(484,41,'House 4'),(485,41,'House 5'),(486,41,'House 6'),(487,41,'House 7'),(488,41,'House 8'),(489,41,'House 9'),(490,41,'House 10'),(491,41,'House 11'),(492,41,'House 12'),(493,42,'House 1'),(494,42,'House 2'),(495,42,'House 3'),(496,42,'House 4'),(497,42,'House 5'),(498,42,'House 6'),(499,42,'House 7'),(500,42,'House 8'),(501,42,'House 9'),(502,42,'House 10'),(503,42,'House 11'),(504,42,'House 12'),(505,43,'House 1'),(506,43,'House 2'),(507,43,'House 3'),(508,43,'House 4'),(509,43,'House 5'),(510,43,'House 6'),(511,43,'House 7'),(512,43,'House 8'),(513,43,'House 9'),(514,43,'House 10'),(515,43,'House 11'),(516,43,'House 12'),(517,44,'House 1'),(518,44,'House 2'),(519,44,'House 3'),(520,44,'House 4'),(521,44,'House 5'),(522,44,'House 6'),(523,44,'House 7'),(524,44,'House 8'),(525,44,'House 9'),(526,44,'House 10'),(527,44,'House 11'),(528,44,'House 12'),(529,45,'House 1'),(530,45,'House 2'),(531,45,'House 3'),(532,45,'House 4'),(533,45,'House 5'),(534,45,'House 6'),(535,45,'House 7'),(536,45,'House 8'),(537,45,'House 9'),(538,45,'House 10'),(539,45,'House 11'),(540,45,'House 12');

/*Table structure for table `level` */

DROP TABLE IF EXISTS `level`;

CREATE TABLE `level` (
  `level_id` int(10) NOT NULL AUTO_INCREMENT,
  `block_id` int(10) DEFAULT NULL,
  `name` varchar(20) DEFAULT NULL,
  PRIMARY KEY (`level_id`)
) ENGINE=InnoDB AUTO_INCREMENT=46 DEFAULT CHARSET=latin1;

/*Data for the table `level` */

insert  into `level`(`level_id`,`block_id`,`name`) values (1,1,'Aras 1'),(2,1,'Aras 2'),(3,1,'Aras 3'),(4,1,'Aras 4'),(5,1,'Aras 5'),(6,1,'Aras 6'),(7,1,'Aras 7'),(8,1,'Aras 8'),(9,1,'Aras 9'),(10,2,'Aras 1'),(11,2,'Aras 2'),(12,2,'Aras 3'),(13,2,'Aras 4'),(14,2,'Aras 5'),(15,2,'Aras 6'),(16,2,'Aras 7'),(17,2,'Aras 8'),(18,2,'Aras 9'),(19,3,'Aras 1'),(20,3,'Aras 2'),(21,3,'Aras 3'),(22,3,'Aras 4'),(23,3,'Aras 5'),(24,3,'Aras 6'),(25,3,'Aras 7'),(26,3,'Aras 8'),(27,3,'Aras 9'),(28,4,'Aras 1'),(29,4,'Aras 2'),(30,4,'Aras 3'),(31,4,'Aras 4'),(32,4,'Aras 5'),(33,4,'Aras 6'),(34,4,'Aras 7'),(35,4,'Aras 8'),(36,4,'Aras 9'),(37,5,'Aras 1'),(38,5,'Aras 2'),(39,5,'Aras 3'),(40,5,'Aras 4'),(41,5,'Aras 5'),(42,5,'Aras 6'),(43,5,'Aras 7'),(44,5,'Aras 8'),(45,5,'Aras 9');

/*Table structure for table `room` */

DROP TABLE IF EXISTS `room`;

CREATE TABLE `room` (
  `room_id` int(10) NOT NULL AUTO_INCREMENT,
  `house_id` int(10) DEFAULT NULL,
  `name` varchar(20) DEFAULT NULL,
  `price` int(10) DEFAULT NULL,
  `stat` varchar(10) DEFAULT NULL,
  PRIMARY KEY (`room_id`)
) ENGINE=InnoDB AUTO_INCREMENT=2701 DEFAULT CHARSET=latin1;

/*Data for the table `room` */

insert  into `room`(`room_id`,`house_id`,`name`,`price`,`stat`) values (1,1,'Room 1',8000,'booking'),(2,1,'Room 2',8000,'booking'),(3,1,'Room 3',8000,'empty'),(4,1,'Room 4',8000,'empty'),(5,1,'Room 5',8000,'empty'),(6,2,'Room 1',8000,'empty'),(7,2,'Room 2',8000,'empty'),(8,2,'Room 3',8000,'empty'),(9,2,'Room 4',8000,'empty'),(10,2,'Room 5',8000,'empty'),(11,3,'Room 1',8000,'empty'),(12,3,'Room 2',8000,'empty'),(13,3,'Room 3',8000,'empty'),(14,3,'Room 4',8000,'empty'),(15,3,'Room 5',8000,'empty'),(16,4,'Room 1',8000,'empty'),(17,4,'Room 2',8000,'empty'),(18,4,'Room 3',8000,'empty'),(19,4,'Room 4',8000,'empty'),(20,4,'Room 5',8000,'empty'),(21,5,'Room 1',8000,'empty'),(22,5,'Room 2',8000,'empty'),(23,5,'Room 3',8000,'empty'),(24,5,'Room 4',8000,'empty'),(25,5,'Room 5',8000,'empty'),(26,6,'Room 1',8000,'empty'),(27,6,'Room 2',8000,'empty'),(28,6,'Room 3',8000,'empty'),(29,6,'Room 4',8000,'empty'),(30,6,'Room 5',8000,'empty'),(31,7,'Room 1',8000,'empty'),(32,7,'Room 2',8000,'empty'),(33,7,'Room 3',8000,'empty'),(34,7,'Room 4',8000,'empty'),(35,7,'Room 5',8000,'empty'),(36,8,'Room 1',8000,'empty'),(37,8,'Room 2',8000,'empty'),(38,8,'Room 3',8000,'empty'),(39,8,'Room 4',8000,'empty'),(40,8,'Room 5',8000,'empty'),(41,9,'Room 1',8000,'empty'),(42,9,'Room 2',8000,'empty'),(43,9,'Room 3',8000,'empty'),(44,9,'Room 4',8000,'empty'),(45,9,'Room 5',8000,'empty'),(46,10,'Room 1',8000,'empty'),(47,10,'Room 2',8000,'empty'),(48,10,'Room 3',8000,'empty'),(49,10,'Room 4',8000,'empty'),(50,10,'Room 5',8000,'empty'),(51,11,'Room 1',8000,'empty'),(52,11,'Room 2',8000,'empty'),(53,11,'Room 3',8000,'empty'),(54,11,'Room 4',8000,'empty'),(55,11,'Room 5',8000,'empty'),(56,12,'Room 1',8000,'empty'),(57,12,'Room 2',8000,'empty'),(58,12,'Room 3',8000,'empty'),(59,12,'Room 4',8000,'empty'),(60,12,'Room 5',8000,'empty'),(61,13,'Room 1',8000,'empty'),(62,13,'Room 2',8000,'empty'),(63,13,'Room 3',8000,'empty'),(64,13,'Room 4',8000,'empty'),(65,13,'Room 5',8000,'empty'),(66,14,'Room 1',8000,'empty'),(67,14,'Room 2',8000,'empty'),(68,14,'Room 3',8000,'empty'),(69,14,'Room 4',8000,'empty'),(70,14,'Room 5',8000,'empty'),(71,15,'Room 1',8000,'empty'),(72,15,'Room 2',8000,'empty'),(73,15,'Room 3',8000,'empty'),(74,15,'Room 4',8000,'empty'),(75,15,'Room 5',8000,'empty'),(76,16,'Room 1',8000,'empty'),(77,16,'Room 2',8000,'empty'),(78,16,'Room 3',8000,'empty'),(79,16,'Room 4',8000,'empty'),(80,16,'Room 5',8000,'empty'),(81,17,'Room 1',8000,'empty'),(82,17,'Room 2',8000,'empty'),(83,17,'Room 3',8000,'empty'),(84,17,'Room 4',8000,'empty'),(85,17,'Room 5',8000,'empty'),(86,18,'Room 1',8000,'empty'),(87,18,'Room 2',8000,'empty'),(88,18,'Room 3',8000,'empty'),(89,18,'Room 4',8000,'empty'),(90,18,'Room 5',8000,'empty'),(91,19,'Room 1',8000,'empty'),(92,19,'Room 2',8000,'empty'),(93,19,'Room 3',8000,'empty'),(94,19,'Room 4',8000,'empty'),(95,19,'Room 5',8000,'empty'),(96,20,'Room 1',8000,'empty'),(97,20,'Room 2',8000,'empty'),(98,20,'Room 3',8000,'empty'),(99,20,'Room 4',8000,'empty'),(100,20,'Room 5',8000,'empty'),(101,21,'Room 1',8000,'empty'),(102,21,'Room 2',8000,'empty'),(103,21,'Room 3',8000,'empty'),(104,21,'Room 4',8000,'empty'),(105,21,'Room 5',8000,'empty'),(106,22,'Room 1',8000,'empty'),(107,22,'Room 2',8000,'empty'),(108,22,'Room 3',8000,'empty'),(109,22,'Room 4',8000,'empty'),(110,22,'Room 5',8000,'empty'),(111,23,'Room 1',8000,'empty'),(112,23,'Room 2',8000,'empty'),(113,23,'Room 3',8000,'empty'),(114,23,'Room 4',8000,'empty'),(115,23,'Room 5',8000,'empty'),(116,24,'Room 1',8000,'empty'),(117,24,'Room 2',8000,'empty'),(118,24,'Room 3',8000,'empty'),(119,24,'Room 4',8000,'empty'),(120,24,'Room 5',8000,'empty'),(121,25,'Room 1',8000,'empty'),(122,25,'Room 2',8000,'empty'),(123,25,'Room 3',8000,'empty'),(124,25,'Room 4',8000,'empty'),(125,25,'Room 5',8000,'empty'),(126,26,'Room 1',8000,'empty'),(127,26,'Room 2',8000,'empty'),(128,26,'Room 3',8000,'empty'),(129,26,'Room 4',8000,'empty'),(130,26,'Room 5',8000,'empty'),(131,27,'Room 1',8000,'empty'),(132,27,'Room 2',8000,'empty'),(133,27,'Room 3',8000,'empty'),(134,27,'Room 4',8000,'empty'),(135,27,'Room 5',8000,'empty'),(136,28,'Room 1',8000,'empty'),(137,28,'Room 2',8000,'empty'),(138,28,'Room 3',8000,'empty'),(139,28,'Room 4',8000,'empty'),(140,28,'Room 5',8000,'empty'),(141,29,'Room 1',8000,'empty'),(142,29,'Room 2',8000,'empty'),(143,29,'Room 3',8000,'empty'),(144,29,'Room 4',8000,'empty'),(145,29,'Room 5',8000,'empty'),(146,30,'Room 1',8000,'empty'),(147,30,'Room 2',8000,'empty'),(148,30,'Room 3',8000,'empty'),(149,30,'Room 4',8000,'empty'),(150,30,'Room 5',8000,'empty'),(151,31,'Room 1',8000,'empty'),(152,31,'Room 2',8000,'empty'),(153,31,'Room 3',8000,'empty'),(154,31,'Room 4',8000,'empty'),(155,31,'Room 5',8000,'empty'),(156,32,'Room 1',8000,'empty'),(157,32,'Room 2',8000,'empty'),(158,32,'Room 3',8000,'empty'),(159,32,'Room 4',8000,'empty'),(160,32,'Room 5',8000,'empty'),(161,33,'Room 1',8000,'empty'),(162,33,'Room 2',8000,'empty'),(163,33,'Room 3',8000,'empty'),(164,33,'Room 4',8000,'empty'),(165,33,'Room 5',8000,'empty'),(166,34,'Room 1',8000,'empty'),(167,34,'Room 2',8000,'empty'),(168,34,'Room 3',8000,'empty'),(169,34,'Room 4',8000,'empty'),(170,34,'Room 5',8000,'empty'),(171,35,'Room 1',8000,'empty'),(172,35,'Room 2',8000,'empty'),(173,35,'Room 3',8000,'empty'),(174,35,'Room 4',8000,'empty'),(175,35,'Room 5',8000,'empty'),(176,36,'Room 1',8000,'empty'),(177,36,'Room 2',8000,'empty'),(178,36,'Room 3',8000,'empty'),(179,36,'Room 4',8000,'empty'),(180,36,'Room 5',8000,'empty'),(181,37,'Room 1',8000,'empty'),(182,37,'Room 2',8000,'empty'),(183,37,'Room 3',8000,'empty'),(184,37,'Room 4',8000,'empty'),(185,37,'Room 5',8000,'empty'),(186,38,'Room 1',8000,'empty'),(187,38,'Room 2',8000,'empty'),(188,38,'Room 3',8000,'empty'),(189,38,'Room 4',8000,'empty'),(190,38,'Room 5',8000,'empty'),(191,39,'Room 1',8000,'empty'),(192,39,'Room 2',8000,'empty'),(193,39,'Room 3',8000,'empty'),(194,39,'Room 4',8000,'empty'),(195,39,'Room 5',8000,'empty'),(196,40,'Room 1',8000,'empty'),(197,40,'Room 2',8000,'empty'),(198,40,'Room 3',8000,'empty'),(199,40,'Room 4',8000,'empty'),(200,40,'Room 5',8000,'empty'),(201,41,'Room 1',8000,'empty'),(202,41,'Room 2',8000,'empty'),(203,41,'Room 3',8000,'empty'),(204,41,'Room 4',8000,'empty'),(205,41,'Room 5',8000,'empty'),(206,42,'Room 1',8000,'empty'),(207,42,'Room 2',8000,'empty'),(208,42,'Room 3',8000,'empty'),(209,42,'Room 4',8000,'empty'),(210,42,'Room 5',8000,'empty'),(211,43,'Room 1',8000,'empty'),(212,43,'Room 2',8000,'empty'),(213,43,'Room 3',8000,'empty'),(214,43,'Room 4',8000,'empty'),(215,43,'Room 5',8000,'empty'),(216,44,'Room 1',8000,'empty'),(217,44,'Room 2',8000,'empty'),(218,44,'Room 3',8000,'empty'),(219,44,'Room 4',8000,'empty'),(220,44,'Room 5',8000,'empty'),(221,45,'Room 1',8000,'empty'),(222,45,'Room 2',8000,'empty'),(223,45,'Room 3',8000,'empty'),(224,45,'Room 4',8000,'empty'),(225,45,'Room 5',8000,'empty'),(226,46,'Room 1',8000,'empty'),(227,46,'Room 2',8000,'empty'),(228,46,'Room 3',8000,'empty'),(229,46,'Room 4',8000,'empty'),(230,46,'Room 5',8000,'empty'),(231,47,'Room 1',8000,'empty'),(232,47,'Room 2',8000,'empty'),(233,47,'Room 3',8000,'empty'),(234,47,'Room 4',8000,'empty'),(235,47,'Room 5',8000,'empty'),(236,48,'Room 1',8000,'empty'),(237,48,'Room 2',8000,'empty'),(238,48,'Room 3',8000,'empty'),(239,48,'Room 4',8000,'empty'),(240,48,'Room 5',8000,'empty'),(241,49,'Room 1',8000,'empty'),(242,49,'Room 2',8000,'empty'),(243,49,'Room 3',8000,'empty'),(244,49,'Room 4',8000,'empty'),(245,49,'Room 5',8000,'empty'),(246,50,'Room 1',8000,'empty'),(247,50,'Room 2',8000,'empty'),(248,50,'Room 3',8000,'empty'),(249,50,'Room 4',8000,'empty'),(250,50,'Room 5',8000,'empty'),(251,51,'Room 1',8000,'empty'),(252,51,'Room 2',8000,'empty'),(253,51,'Room 3',8000,'empty'),(254,51,'Room 4',8000,'empty'),(255,51,'Room 5',8000,'empty'),(256,52,'Room 1',8000,'empty'),(257,52,'Room 2',8000,'empty'),(258,52,'Room 3',8000,'empty'),(259,52,'Room 4',8000,'empty'),(260,52,'Room 5',8000,'empty'),(261,53,'Room 1',8000,'empty'),(262,53,'Room 2',8000,'empty'),(263,53,'Room 3',8000,'empty'),(264,53,'Room 4',8000,'empty'),(265,53,'Room 5',8000,'empty'),(266,54,'Room 1',8000,'empty'),(267,54,'Room 2',8000,'empty'),(268,54,'Room 3',8000,'empty'),(269,54,'Room 4',8000,'empty'),(270,54,'Room 5',8000,'empty'),(271,55,'Room 1',8000,'empty'),(272,55,'Room 2',8000,'empty'),(273,55,'Room 3',8000,'empty'),(274,55,'Room 4',8000,'empty'),(275,55,'Room 5',8000,'empty'),(276,56,'Room 1',8000,'empty'),(277,56,'Room 2',8000,'empty'),(278,56,'Room 3',8000,'empty'),(279,56,'Room 4',8000,'empty'),(280,56,'Room 5',8000,'empty'),(281,57,'Room 1',8000,'empty'),(282,57,'Room 2',8000,'empty'),(283,57,'Room 3',8000,'empty'),(284,57,'Room 4',8000,'empty'),(285,57,'Room 5',8000,'empty'),(286,58,'Room 1',8000,'empty'),(287,58,'Room 2',8000,'empty'),(288,58,'Room 3',8000,'empty'),(289,58,'Room 4',8000,'empty'),(290,58,'Room 5',8000,'empty'),(291,59,'Room 1',8000,'empty'),(292,59,'Room 2',8000,'empty'),(293,59,'Room 3',8000,'empty'),(294,59,'Room 4',8000,'empty'),(295,59,'Room 5',8000,'empty'),(296,60,'Room 1',8000,'empty'),(297,60,'Room 2',8000,'empty'),(298,60,'Room 3',8000,'empty'),(299,60,'Room 4',8000,'empty'),(300,60,'Room 5',8000,'empty'),(301,61,'Room 1',8000,'empty'),(302,61,'Room 2',8000,'empty'),(303,61,'Room 3',8000,'empty'),(304,61,'Room 4',8000,'empty'),(305,61,'Room 5',8000,'empty'),(306,62,'Room 1',8000,'empty'),(307,62,'Room 2',8000,'empty'),(308,62,'Room 3',8000,'empty'),(309,62,'Room 4',8000,'empty'),(310,62,'Room 5',8000,'empty'),(311,63,'Room 1',8000,'empty'),(312,63,'Room 2',8000,'empty'),(313,63,'Room 3',8000,'empty'),(314,63,'Room 4',8000,'empty'),(315,63,'Room 5',8000,'empty'),(316,64,'Room 1',8000,'empty'),(317,64,'Room 2',8000,'empty'),(318,64,'Room 3',8000,'empty'),(319,64,'Room 4',8000,'empty'),(320,64,'Room 5',8000,'empty'),(321,65,'Room 1',8000,'empty'),(322,65,'Room 2',8000,'empty'),(323,65,'Room 3',8000,'empty'),(324,65,'Room 4',8000,'empty'),(325,65,'Room 5',8000,'empty'),(326,66,'Room 1',8000,'empty'),(327,66,'Room 2',8000,'empty'),(328,66,'Room 3',8000,'empty'),(329,66,'Room 4',8000,'empty'),(330,66,'Room 5',8000,'empty'),(331,67,'Room 1',8000,'empty'),(332,67,'Room 2',8000,'empty'),(333,67,'Room 3',8000,'empty'),(334,67,'Room 4',8000,'empty'),(335,67,'Room 5',8000,'empty'),(336,68,'Room 1',8000,'empty'),(337,68,'Room 2',8000,'empty'),(338,68,'Room 3',8000,'empty'),(339,68,'Room 4',8000,'empty'),(340,68,'Room 5',8000,'empty'),(341,69,'Room 1',8000,'empty'),(342,69,'Room 2',8000,'empty'),(343,69,'Room 3',8000,'empty'),(344,69,'Room 4',8000,'empty'),(345,69,'Room 5',8000,'empty'),(346,70,'Room 1',8000,'empty'),(347,70,'Room 2',8000,'empty'),(348,70,'Room 3',8000,'empty'),(349,70,'Room 4',8000,'empty'),(350,70,'Room 5',8000,'empty'),(351,71,'Room 1',8000,'empty'),(352,71,'Room 2',8000,'empty'),(353,71,'Room 3',8000,'empty'),(354,71,'Room 4',8000,'empty'),(355,71,'Room 5',8000,'empty'),(356,72,'Room 1',8000,'empty'),(357,72,'Room 2',8000,'empty'),(358,72,'Room 3',8000,'empty'),(359,72,'Room 4',8000,'empty'),(360,72,'Room 5',8000,'empty'),(361,73,'Room 1',8000,'empty'),(362,73,'Room 2',8000,'empty'),(363,73,'Room 3',8000,'empty'),(364,73,'Room 4',8000,'empty'),(365,73,'Room 5',8000,'empty'),(366,74,'Room 1',8000,'empty'),(367,74,'Room 2',8000,'empty'),(368,74,'Room 3',8000,'empty'),(369,74,'Room 4',8000,'empty'),(370,74,'Room 5',8000,'empty'),(371,75,'Room 1',8000,'empty'),(372,75,'Room 2',8000,'empty'),(373,75,'Room 3',8000,'empty'),(374,75,'Room 4',8000,'empty'),(375,75,'Room 5',8000,'empty'),(376,76,'Room 1',8000,'empty'),(377,76,'Room 2',8000,'empty'),(378,76,'Room 3',8000,'empty'),(379,76,'Room 4',8000,'empty'),(380,76,'Room 5',8000,'empty'),(381,77,'Room 1',8000,'empty'),(382,77,'Room 2',8000,'empty'),(383,77,'Room 3',8000,'empty'),(384,77,'Room 4',8000,'empty'),(385,77,'Room 5',8000,'empty'),(386,78,'Room 1',8000,'empty'),(387,78,'Room 2',8000,'empty'),(388,78,'Room 3',8000,'empty'),(389,78,'Room 4',8000,'empty'),(390,78,'Room 5',8000,'empty'),(391,79,'Room 1',8000,'empty'),(392,79,'Room 2',8000,'empty'),(393,79,'Room 3',8000,'empty'),(394,79,'Room 4',8000,'empty'),(395,79,'Room 5',8000,'empty'),(396,80,'Room 1',8000,'empty'),(397,80,'Room 2',8000,'empty'),(398,80,'Room 3',8000,'empty'),(399,80,'Room 4',8000,'empty'),(400,80,'Room 5',8000,'empty'),(401,81,'Room 1',8000,'empty'),(402,81,'Room 2',8000,'empty'),(403,81,'Room 3',8000,'empty'),(404,81,'Room 4',8000,'empty'),(405,81,'Room 5',8000,'empty'),(406,82,'Room 1',8000,'empty'),(407,82,'Room 2',8000,'empty'),(408,82,'Room 3',8000,'empty'),(409,82,'Room 4',8000,'empty'),(410,82,'Room 5',8000,'empty'),(411,83,'Room 1',8000,'empty'),(412,83,'Room 2',8000,'empty'),(413,83,'Room 3',8000,'empty'),(414,83,'Room 4',8000,'empty'),(415,83,'Room 5',8000,'empty'),(416,84,'Room 1',8000,'empty'),(417,84,'Room 2',8000,'empty'),(418,84,'Room 3',8000,'empty'),(419,84,'Room 4',8000,'empty'),(420,84,'Room 5',8000,'empty'),(421,85,'Room 1',8000,'empty'),(422,85,'Room 2',8000,'empty'),(423,85,'Room 3',8000,'empty'),(424,85,'Room 4',8000,'empty'),(425,85,'Room 5',8000,'empty'),(426,86,'Room 1',8000,'empty'),(427,86,'Room 2',8000,'empty'),(428,86,'Room 3',8000,'empty'),(429,86,'Room 4',8000,'empty'),(430,86,'Room 5',8000,'empty'),(431,87,'Room 1',8000,'empty'),(432,87,'Room 2',8000,'empty'),(433,87,'Room 3',8000,'empty'),(434,87,'Room 4',8000,'empty'),(435,87,'Room 5',8000,'empty'),(436,88,'Room 1',8000,'empty'),(437,88,'Room 2',8000,'empty'),(438,88,'Room 3',8000,'empty'),(439,88,'Room 4',8000,'empty'),(440,88,'Room 5',8000,'empty'),(441,89,'Room 1',8000,'empty'),(442,89,'Room 2',8000,'empty'),(443,89,'Room 3',8000,'empty'),(444,89,'Room 4',8000,'empty'),(445,89,'Room 5',8000,'empty'),(446,90,'Room 1',8000,'empty'),(447,90,'Room 2',8000,'empty'),(448,90,'Room 3',8000,'empty'),(449,90,'Room 4',8000,'empty'),(450,90,'Room 5',8000,'empty'),(451,91,'Room 1',8000,'empty'),(452,91,'Room 2',8000,'empty'),(453,91,'Room 3',8000,'empty'),(454,91,'Room 4',8000,'empty'),(455,91,'Room 5',8000,'empty'),(456,92,'Room 1',8000,'empty'),(457,92,'Room 2',8000,'empty'),(458,92,'Room 3',8000,'empty'),(459,92,'Room 4',8000,'empty'),(460,92,'Room 5',8000,'empty'),(461,93,'Room 1',8000,'empty'),(462,93,'Room 2',8000,'empty'),(463,93,'Room 3',8000,'empty'),(464,93,'Room 4',8000,'empty'),(465,93,'Room 5',8000,'empty'),(466,94,'Room 1',8000,'empty'),(467,94,'Room 2',8000,'empty'),(468,94,'Room 3',8000,'empty'),(469,94,'Room 4',8000,'empty'),(470,94,'Room 5',8000,'empty'),(471,95,'Room 1',8000,'empty'),(472,95,'Room 2',8000,'empty'),(473,95,'Room 3',8000,'empty'),(474,95,'Room 4',8000,'empty'),(475,95,'Room 5',8000,'empty'),(476,96,'Room 1',8000,'empty'),(477,96,'Room 2',8000,'empty'),(478,96,'Room 3',8000,'empty'),(479,96,'Room 4',8000,'empty'),(480,96,'Room 5',8000,'empty'),(481,97,'Room 1',8000,'empty'),(482,97,'Room 2',8000,'empty'),(483,97,'Room 3',8000,'empty'),(484,97,'Room 4',8000,'empty'),(485,97,'Room 5',8000,'empty'),(486,98,'Room 1',8000,'empty'),(487,98,'Room 2',8000,'empty'),(488,98,'Room 3',8000,'empty'),(489,98,'Room 4',8000,'empty'),(490,98,'Room 5',8000,'empty'),(491,99,'Room 1',8000,'empty'),(492,99,'Room 2',8000,'empty'),(493,99,'Room 3',8000,'empty'),(494,99,'Room 4',8000,'empty'),(495,99,'Room 5',8000,'empty'),(496,100,'Room 1',8000,'empty'),(497,100,'Room 2',8000,'empty'),(498,100,'Room 3',8000,'empty'),(499,100,'Room 4',8000,'empty'),(500,100,'Room 5',8000,'empty'),(501,101,'Room 1',8000,'empty'),(502,101,'Room 2',8000,'empty'),(503,101,'Room 3',8000,'empty'),(504,101,'Room 4',8000,'empty'),(505,101,'Room 5',8000,'empty'),(506,102,'Room 1',8000,'empty'),(507,102,'Room 2',8000,'empty'),(508,102,'Room 3',8000,'empty'),(509,102,'Room 4',8000,'empty'),(510,102,'Room 5',8000,'empty'),(511,103,'Room 1',8000,'empty'),(512,103,'Room 2',8000,'empty'),(513,103,'Room 3',8000,'empty'),(514,103,'Room 4',8000,'empty'),(515,103,'Room 5',8000,'empty'),(516,104,'Room 1',8000,'empty'),(517,104,'Room 2',8000,'empty'),(518,104,'Room 3',8000,'empty'),(519,104,'Room 4',8000,'empty'),(520,104,'Room 5',8000,'empty'),(521,105,'Room 1',8000,'empty'),(522,105,'Room 2',8000,'empty'),(523,105,'Room 3',8000,'empty'),(524,105,'Room 4',8000,'empty'),(525,105,'Room 5',8000,'empty'),(526,106,'Room 1',8000,'empty'),(527,106,'Room 2',8000,'empty'),(528,106,'Room 3',8000,'empty'),(529,106,'Room 4',8000,'empty'),(530,106,'Room 5',8000,'empty'),(531,107,'Room 1',8000,'empty'),(532,107,'Room 2',8000,'empty'),(533,107,'Room 3',8000,'empty'),(534,107,'Room 4',8000,'empty'),(535,107,'Room 5',8000,'empty'),(536,108,'Room 1',8000,'empty'),(537,108,'Room 2',8000,'empty'),(538,108,'Room 3',8000,'empty'),(539,108,'Room 4',8000,'empty'),(540,108,'Room 5',8000,'empty'),(541,109,'Room 1',8000,'empty'),(542,109,'Room 2',8000,'empty'),(543,109,'Room 3',8000,'empty'),(544,109,'Room 4',8000,'empty'),(545,109,'Room 5',8000,'empty'),(546,110,'Room 1',8000,'empty'),(547,110,'Room 2',8000,'empty'),(548,110,'Room 3',8000,'empty'),(549,110,'Room 4',8000,'empty'),(550,110,'Room 5',8000,'empty'),(551,111,'Room 1',8000,'empty'),(552,111,'Room 2',8000,'empty'),(553,111,'Room 3',8000,'empty'),(554,111,'Room 4',8000,'empty'),(555,111,'Room 5',8000,'empty'),(556,112,'Room 1',8000,'empty'),(557,112,'Room 2',8000,'empty'),(558,112,'Room 3',8000,'empty'),(559,112,'Room 4',8000,'empty'),(560,112,'Room 5',8000,'empty'),(561,113,'Room 1',8000,'empty'),(562,113,'Room 2',8000,'empty'),(563,113,'Room 3',8000,'empty'),(564,113,'Room 4',8000,'empty'),(565,113,'Room 5',8000,'empty'),(566,114,'Room 1',8000,'empty'),(567,114,'Room 2',8000,'empty'),(568,114,'Room 3',8000,'empty'),(569,114,'Room 4',8000,'empty'),(570,114,'Room 5',8000,'empty'),(571,115,'Room 1',8000,'empty'),(572,115,'Room 2',8000,'empty'),(573,115,'Room 3',8000,'empty'),(574,115,'Room 4',8000,'empty'),(575,115,'Room 5',8000,'empty'),(576,116,'Room 1',8000,'empty'),(577,116,'Room 2',8000,'empty'),(578,116,'Room 3',8000,'empty'),(579,116,'Room 4',8000,'empty'),(580,116,'Room 5',8000,'empty'),(581,117,'Room 1',8000,'empty'),(582,117,'Room 2',8000,'empty'),(583,117,'Room 3',8000,'empty'),(584,117,'Room 4',8000,'empty'),(585,117,'Room 5',8000,'empty'),(586,118,'Room 1',8000,'empty'),(587,118,'Room 2',8000,'empty'),(588,118,'Room 3',8000,'empty'),(589,118,'Room 4',8000,'empty'),(590,118,'Room 5',8000,'empty'),(591,119,'Room 1',8000,'empty'),(592,119,'Room 2',8000,'empty'),(593,119,'Room 3',8000,'empty'),(594,119,'Room 4',8000,'empty'),(595,119,'Room 5',8000,'empty'),(596,120,'Room 1',8000,'empty'),(597,120,'Room 2',8000,'empty'),(598,120,'Room 3',8000,'empty'),(599,120,'Room 4',8000,'empty'),(600,120,'Room 5',8000,'empty'),(601,121,'Room 1',8000,'empty'),(602,121,'Room 2',8000,'empty'),(603,121,'Room 3',8000,'empty'),(604,121,'Room 4',8000,'empty'),(605,121,'Room 5',8000,'empty'),(606,122,'Room 1',8000,'empty'),(607,122,'Room 2',8000,'empty'),(608,122,'Room 3',8000,'empty'),(609,122,'Room 4',8000,'empty'),(610,122,'Room 5',8000,'empty'),(611,123,'Room 1',8000,'empty'),(612,123,'Room 2',8000,'empty'),(613,123,'Room 3',8000,'empty'),(614,123,'Room 4',8000,'empty'),(615,123,'Room 5',8000,'empty'),(616,124,'Room 1',8000,'empty'),(617,124,'Room 2',8000,'empty'),(618,124,'Room 3',8000,'empty'),(619,124,'Room 4',8000,'empty'),(620,124,'Room 5',8000,'empty'),(621,125,'Room 1',8000,'empty'),(622,125,'Room 2',8000,'empty'),(623,125,'Room 3',8000,'empty'),(624,125,'Room 4',8000,'empty'),(625,125,'Room 5',8000,'empty'),(626,126,'Room 1',8000,'empty'),(627,126,'Room 2',8000,'empty'),(628,126,'Room 3',8000,'empty'),(629,126,'Room 4',8000,'empty'),(630,126,'Room 5',8000,'empty'),(631,127,'Room 1',8000,'empty'),(632,127,'Room 2',8000,'empty'),(633,127,'Room 3',8000,'empty'),(634,127,'Room 4',8000,'empty'),(635,127,'Room 5',8000,'empty'),(636,128,'Room 1',8000,'empty'),(637,128,'Room 2',8000,'empty'),(638,128,'Room 3',8000,'empty'),(639,128,'Room 4',8000,'empty'),(640,128,'Room 5',8000,'empty'),(641,129,'Room 1',8000,'empty'),(642,129,'Room 2',8000,'empty'),(643,129,'Room 3',8000,'empty'),(644,129,'Room 4',8000,'empty'),(645,129,'Room 5',8000,'empty'),(646,130,'Room 1',8000,'empty'),(647,130,'Room 2',8000,'empty'),(648,130,'Room 3',8000,'empty'),(649,130,'Room 4',8000,'empty'),(650,130,'Room 5',8000,'empty'),(651,131,'Room 1',8000,'empty'),(652,131,'Room 2',8000,'empty'),(653,131,'Room 3',8000,'empty'),(654,131,'Room 4',8000,'empty'),(655,131,'Room 5',8000,'empty'),(656,132,'Room 1',8000,'empty'),(657,132,'Room 2',8000,'empty'),(658,132,'Room 3',8000,'empty'),(659,132,'Room 4',8000,'empty'),(660,132,'Room 5',8000,'empty'),(661,133,'Room 1',8000,'empty'),(662,133,'Room 2',8000,'empty'),(663,133,'Room 3',8000,'empty'),(664,133,'Room 4',8000,'empty'),(665,133,'Room 5',8000,'empty'),(666,134,'Room 1',8000,'empty'),(667,134,'Room 2',8000,'empty'),(668,134,'Room 3',8000,'empty'),(669,134,'Room 4',8000,'empty'),(670,134,'Room 5',8000,'empty'),(671,135,'Room 1',8000,'empty'),(672,135,'Room 2',8000,'empty'),(673,135,'Room 3',8000,'empty'),(674,135,'Room 4',8000,'empty'),(675,135,'Room 5',8000,'empty'),(676,136,'Room 1',8000,'empty'),(677,136,'Room 2',8000,'empty'),(678,136,'Room 3',8000,'empty'),(679,136,'Room 4',8000,'empty'),(680,136,'Room 5',8000,'empty'),(681,137,'Room 1',8000,'empty'),(682,137,'Room 2',8000,'empty'),(683,137,'Room 3',8000,'empty'),(684,137,'Room 4',8000,'empty'),(685,137,'Room 5',8000,'empty'),(686,138,'Room 1',8000,'empty'),(687,138,'Room 2',8000,'empty'),(688,138,'Room 3',8000,'empty'),(689,138,'Room 4',8000,'empty'),(690,138,'Room 5',8000,'empty'),(691,139,'Room 1',8000,'empty'),(692,139,'Room 2',8000,'empty'),(693,139,'Room 3',8000,'empty'),(694,139,'Room 4',8000,'empty'),(695,139,'Room 5',8000,'empty'),(696,140,'Room 1',8000,'empty'),(697,140,'Room 2',8000,'empty'),(698,140,'Room 3',8000,'empty'),(699,140,'Room 4',8000,'empty'),(700,140,'Room 5',8000,'empty'),(701,141,'Room 1',8000,'empty'),(702,141,'Room 2',8000,'empty'),(703,141,'Room 3',8000,'empty'),(704,141,'Room 4',8000,'empty'),(705,141,'Room 5',8000,'empty'),(706,142,'Room 1',8000,'empty'),(707,142,'Room 2',8000,'empty'),(708,142,'Room 3',8000,'empty'),(709,142,'Room 4',8000,'empty'),(710,142,'Room 5',8000,'empty'),(711,143,'Room 1',8000,'empty'),(712,143,'Room 2',8000,'empty'),(713,143,'Room 3',8000,'empty'),(714,143,'Room 4',8000,'empty'),(715,143,'Room 5',8000,'empty'),(716,144,'Room 1',8000,'empty'),(717,144,'Room 2',8000,'empty'),(718,144,'Room 3',8000,'empty'),(719,144,'Room 4',8000,'empty'),(720,144,'Room 5',8000,'empty'),(721,145,'Room 1',8000,'empty'),(722,145,'Room 2',8000,'empty'),(723,145,'Room 3',8000,'empty'),(724,145,'Room 4',8000,'empty'),(725,145,'Room 5',8000,'empty'),(726,146,'Room 1',8000,'empty'),(727,146,'Room 2',8000,'empty'),(728,146,'Room 3',8000,'empty'),(729,146,'Room 4',8000,'empty'),(730,146,'Room 5',8000,'empty'),(731,147,'Room 1',8000,'empty'),(732,147,'Room 2',8000,'empty'),(733,147,'Room 3',8000,'empty'),(734,147,'Room 4',8000,'empty'),(735,147,'Room 5',8000,'empty'),(736,148,'Room 1',8000,'empty'),(737,148,'Room 2',8000,'empty'),(738,148,'Room 3',8000,'empty'),(739,148,'Room 4',8000,'empty'),(740,148,'Room 5',8000,'empty'),(741,149,'Room 1',8000,'empty'),(742,149,'Room 2',8000,'empty'),(743,149,'Room 3',8000,'empty'),(744,149,'Room 4',8000,'empty'),(745,149,'Room 5',8000,'empty'),(746,150,'Room 1',8000,'empty'),(747,150,'Room 2',8000,'empty'),(748,150,'Room 3',8000,'empty'),(749,150,'Room 4',8000,'empty'),(750,150,'Room 5',8000,'empty'),(751,151,'Room 1',8000,'empty'),(752,151,'Room 2',8000,'empty'),(753,151,'Room 3',8000,'empty'),(754,151,'Room 4',8000,'empty'),(755,151,'Room 5',8000,'empty'),(756,152,'Room 1',8000,'empty'),(757,152,'Room 2',8000,'empty'),(758,152,'Room 3',8000,'empty'),(759,152,'Room 4',8000,'empty'),(760,152,'Room 5',8000,'empty'),(761,153,'Room 1',8000,'empty'),(762,153,'Room 2',8000,'empty'),(763,153,'Room 3',8000,'empty'),(764,153,'Room 4',8000,'empty'),(765,153,'Room 5',8000,'empty'),(766,154,'Room 1',8000,'empty'),(767,154,'Room 2',8000,'empty'),(768,154,'Room 3',8000,'empty'),(769,154,'Room 4',8000,'empty'),(770,154,'Room 5',8000,'empty'),(771,155,'Room 1',8000,'empty'),(772,155,'Room 2',8000,'empty'),(773,155,'Room 3',8000,'empty'),(774,155,'Room 4',8000,'empty'),(775,155,'Room 5',8000,'empty'),(776,156,'Room 1',8000,'empty'),(777,156,'Room 2',8000,'empty'),(778,156,'Room 3',8000,'empty'),(779,156,'Room 4',8000,'empty'),(780,156,'Room 5',8000,'empty'),(781,157,'Room 1',8000,'empty'),(782,157,'Room 2',8000,'empty'),(783,157,'Room 3',8000,'empty'),(784,157,'Room 4',8000,'empty'),(785,157,'Room 5',8000,'empty'),(786,158,'Room 1',8000,'empty'),(787,158,'Room 2',8000,'empty'),(788,158,'Room 3',8000,'empty'),(789,158,'Room 4',8000,'empty'),(790,158,'Room 5',8000,'empty'),(791,159,'Room 1',8000,'empty'),(792,159,'Room 2',8000,'empty'),(793,159,'Room 3',8000,'empty'),(794,159,'Room 4',8000,'empty'),(795,159,'Room 5',8000,'empty'),(796,160,'Room 1',8000,'empty'),(797,160,'Room 2',8000,'empty'),(798,160,'Room 3',8000,'empty'),(799,160,'Room 4',8000,'empty'),(800,160,'Room 5',8000,'empty'),(801,161,'Room 1',8000,'empty'),(802,161,'Room 2',8000,'empty'),(803,161,'Room 3',8000,'empty'),(804,161,'Room 4',8000,'empty'),(805,161,'Room 5',8000,'empty'),(806,162,'Room 1',8000,'empty'),(807,162,'Room 2',8000,'empty'),(808,162,'Room 3',8000,'empty'),(809,162,'Room 4',8000,'empty'),(810,162,'Room 5',8000,'empty'),(811,163,'Room 1',8000,'empty'),(812,163,'Room 2',8000,'empty'),(813,163,'Room 3',8000,'empty'),(814,163,'Room 4',8000,'empty'),(815,163,'Room 5',8000,'empty'),(816,164,'Room 1',8000,'empty'),(817,164,'Room 2',8000,'empty'),(818,164,'Room 3',8000,'empty'),(819,164,'Room 4',8000,'empty'),(820,164,'Room 5',8000,'empty'),(821,165,'Room 1',8000,'empty'),(822,165,'Room 2',8000,'empty'),(823,165,'Room 3',8000,'empty'),(824,165,'Room 4',8000,'empty'),(825,165,'Room 5',8000,'empty'),(826,166,'Room 1',8000,'empty'),(827,166,'Room 2',8000,'empty'),(828,166,'Room 3',8000,'empty'),(829,166,'Room 4',8000,'empty'),(830,166,'Room 5',8000,'empty'),(831,167,'Room 1',8000,'empty'),(832,167,'Room 2',8000,'empty'),(833,167,'Room 3',8000,'empty'),(834,167,'Room 4',8000,'empty'),(835,167,'Room 5',8000,'empty'),(836,168,'Room 1',8000,'empty'),(837,168,'Room 2',8000,'empty'),(838,168,'Room 3',8000,'empty'),(839,168,'Room 4',8000,'empty'),(840,168,'Room 5',8000,'empty'),(841,169,'Room 1',8000,'empty'),(842,169,'Room 2',8000,'empty'),(843,169,'Room 3',8000,'empty'),(844,169,'Room 4',8000,'empty'),(845,169,'Room 5',8000,'empty'),(846,170,'Room 1',8000,'empty'),(847,170,'Room 2',8000,'empty'),(848,170,'Room 3',8000,'empty'),(849,170,'Room 4',8000,'empty'),(850,170,'Room 5',8000,'empty'),(851,171,'Room 1',8000,'empty'),(852,171,'Room 2',8000,'empty'),(853,171,'Room 3',8000,'empty'),(854,171,'Room 4',8000,'empty'),(855,171,'Room 5',8000,'empty'),(856,172,'Room 1',8000,'empty'),(857,172,'Room 2',8000,'empty'),(858,172,'Room 3',8000,'empty'),(859,172,'Room 4',8000,'empty'),(860,172,'Room 5',8000,'empty'),(861,173,'Room 1',8000,'empty'),(862,173,'Room 2',8000,'empty'),(863,173,'Room 3',8000,'empty'),(864,173,'Room 4',8000,'empty'),(865,173,'Room 5',8000,'empty'),(866,174,'Room 1',8000,'empty'),(867,174,'Room 2',8000,'empty'),(868,174,'Room 3',8000,'empty'),(869,174,'Room 4',8000,'empty'),(870,174,'Room 5',8000,'empty'),(871,175,'Room 1',8000,'empty'),(872,175,'Room 2',8000,'empty'),(873,175,'Room 3',8000,'empty'),(874,175,'Room 4',8000,'empty'),(875,175,'Room 5',8000,'empty'),(876,176,'Room 1',8000,'empty'),(877,176,'Room 2',8000,'empty'),(878,176,'Room 3',8000,'empty'),(879,176,'Room 4',8000,'empty'),(880,176,'Room 5',8000,'empty'),(881,177,'Room 1',8000,'empty'),(882,177,'Room 2',8000,'empty'),(883,177,'Room 3',8000,'empty'),(884,177,'Room 4',8000,'empty'),(885,177,'Room 5',8000,'empty'),(886,178,'Room 1',8000,'empty'),(887,178,'Room 2',8000,'empty'),(888,178,'Room 3',8000,'empty'),(889,178,'Room 4',8000,'empty'),(890,178,'Room 5',8000,'empty'),(891,179,'Room 1',8000,'empty'),(892,179,'Room 2',8000,'empty'),(893,179,'Room 3',8000,'empty'),(894,179,'Room 4',8000,'empty'),(895,179,'Room 5',8000,'empty'),(896,180,'Room 1',8000,'empty'),(897,180,'Room 2',8000,'empty'),(898,180,'Room 3',8000,'empty'),(899,180,'Room 4',8000,'empty'),(900,180,'Room 5',8000,'empty'),(901,181,'Room 1',8000,'empty'),(902,181,'Room 2',8000,'empty'),(903,181,'Room 3',8000,'empty'),(904,181,'Room 4',8000,'empty'),(905,181,'Room 5',8000,'empty'),(906,182,'Room 1',8000,'empty'),(907,182,'Room 2',8000,'empty'),(908,182,'Room 3',8000,'empty'),(909,182,'Room 4',8000,'empty'),(910,182,'Room 5',8000,'empty'),(911,183,'Room 1',8000,'empty'),(912,183,'Room 2',8000,'empty'),(913,183,'Room 3',8000,'empty'),(914,183,'Room 4',8000,'empty'),(915,183,'Room 5',8000,'empty'),(916,184,'Room 1',8000,'empty'),(917,184,'Room 2',8000,'empty'),(918,184,'Room 3',8000,'empty'),(919,184,'Room 4',8000,'empty'),(920,184,'Room 5',8000,'empty'),(921,185,'Room 1',8000,'empty'),(922,185,'Room 2',8000,'empty'),(923,185,'Room 3',8000,'empty'),(924,185,'Room 4',8000,'empty'),(925,185,'Room 5',8000,'empty'),(926,186,'Room 1',8000,'empty'),(927,186,'Room 2',8000,'empty'),(928,186,'Room 3',8000,'empty'),(929,186,'Room 4',8000,'empty'),(930,186,'Room 5',8000,'empty'),(931,187,'Room 1',8000,'empty'),(932,187,'Room 2',8000,'empty'),(933,187,'Room 3',8000,'empty'),(934,187,'Room 4',8000,'empty'),(935,187,'Room 5',8000,'empty'),(936,188,'Room 1',8000,'empty'),(937,188,'Room 2',8000,'empty'),(938,188,'Room 3',8000,'empty'),(939,188,'Room 4',8000,'empty'),(940,188,'Room 5',8000,'empty'),(941,189,'Room 1',8000,'empty'),(942,189,'Room 2',8000,'empty'),(943,189,'Room 3',8000,'empty'),(944,189,'Room 4',8000,'empty'),(945,189,'Room 5',8000,'empty'),(946,190,'Room 1',8000,'empty'),(947,190,'Room 2',8000,'empty'),(948,190,'Room 3',8000,'empty'),(949,190,'Room 4',8000,'empty'),(950,190,'Room 5',8000,'empty'),(951,191,'Room 1',8000,'empty'),(952,191,'Room 2',8000,'empty'),(953,191,'Room 3',8000,'empty'),(954,191,'Room 4',8000,'empty'),(955,191,'Room 5',8000,'empty'),(956,192,'Room 1',8000,'empty'),(957,192,'Room 2',8000,'empty'),(958,192,'Room 3',8000,'empty'),(959,192,'Room 4',8000,'empty'),(960,192,'Room 5',8000,'empty'),(961,193,'Room 1',8000,'empty'),(962,193,'Room 2',8000,'empty'),(963,193,'Room 3',8000,'empty'),(964,193,'Room 4',8000,'empty'),(965,193,'Room 5',8000,'empty'),(966,194,'Room 1',8000,'empty'),(967,194,'Room 2',8000,'empty'),(968,194,'Room 3',8000,'empty'),(969,194,'Room 4',8000,'empty'),(970,194,'Room 5',8000,'empty'),(971,195,'Room 1',8000,'empty'),(972,195,'Room 2',8000,'empty'),(973,195,'Room 3',8000,'empty'),(974,195,'Room 4',8000,'empty'),(975,195,'Room 5',8000,'empty'),(976,196,'Room 1',8000,'empty'),(977,196,'Room 2',8000,'empty'),(978,196,'Room 3',8000,'empty'),(979,196,'Room 4',8000,'empty'),(980,196,'Room 5',8000,'empty'),(981,197,'Room 1',8000,'empty'),(982,197,'Room 2',8000,'empty'),(983,197,'Room 3',8000,'empty'),(984,197,'Room 4',8000,'empty'),(985,197,'Room 5',8000,'empty'),(986,198,'Room 1',8000,'empty'),(987,198,'Room 2',8000,'empty'),(988,198,'Room 3',8000,'empty'),(989,198,'Room 4',8000,'empty'),(990,198,'Room 5',8000,'empty'),(991,199,'Room 1',8000,'empty'),(992,199,'Room 2',8000,'empty'),(993,199,'Room 3',8000,'empty'),(994,199,'Room 4',8000,'empty'),(995,199,'Room 5',8000,'empty'),(996,200,'Room 1',8000,'empty'),(997,200,'Room 2',8000,'empty'),(998,200,'Room 3',8000,'empty'),(999,200,'Room 4',8000,'empty'),(1000,200,'Room 5',8000,'empty'),(1001,201,'Room 1',8000,'empty'),(1002,201,'Room 2',8000,'empty'),(1003,201,'Room 3',8000,'empty'),(1004,201,'Room 4',8000,'empty'),(1005,201,'Room 5',8000,'empty'),(1006,202,'Room 1',8000,'empty'),(1007,202,'Room 2',8000,'empty'),(1008,202,'Room 3',8000,'empty'),(1009,202,'Room 4',8000,'empty'),(1010,202,'Room 5',8000,'empty'),(1011,203,'Room 1',8000,'empty'),(1012,203,'Room 2',8000,'empty'),(1013,203,'Room 3',8000,'empty'),(1014,203,'Room 4',8000,'empty'),(1015,203,'Room 5',8000,'empty'),(1016,204,'Room 1',8000,'empty'),(1017,204,'Room 2',8000,'empty'),(1018,204,'Room 3',8000,'empty'),(1019,204,'Room 4',8000,'empty'),(1020,204,'Room 5',8000,'empty'),(1021,205,'Room 1',8000,'empty'),(1022,205,'Room 2',8000,'empty'),(1023,205,'Room 3',8000,'empty'),(1024,205,'Room 4',8000,'empty'),(1025,205,'Room 5',8000,'empty'),(1026,206,'Room 1',8000,'empty'),(1027,206,'Room 2',8000,'empty'),(1028,206,'Room 3',8000,'empty'),(1029,206,'Room 4',8000,'empty'),(1030,206,'Room 5',8000,'empty'),(1031,207,'Room 1',8000,'empty'),(1032,207,'Room 2',8000,'empty'),(1033,207,'Room 3',8000,'empty'),(1034,207,'Room 4',8000,'empty'),(1035,207,'Room 5',8000,'empty'),(1036,208,'Room 1',8000,'empty'),(1037,208,'Room 2',8000,'empty'),(1038,208,'Room 3',8000,'empty'),(1039,208,'Room 4',8000,'empty'),(1040,208,'Room 5',8000,'empty'),(1041,209,'Room 1',8000,'empty'),(1042,209,'Room 2',8000,'empty'),(1043,209,'Room 3',8000,'empty'),(1044,209,'Room 4',8000,'empty'),(1045,209,'Room 5',8000,'empty'),(1046,210,'Room 1',8000,'empty'),(1047,210,'Room 2',8000,'empty'),(1048,210,'Room 3',8000,'empty'),(1049,210,'Room 4',8000,'empty'),(1050,210,'Room 5',8000,'empty'),(1051,211,'Room 1',8000,'empty'),(1052,211,'Room 2',8000,'empty'),(1053,211,'Room 3',8000,'empty'),(1054,211,'Room 4',8000,'empty'),(1055,211,'Room 5',8000,'empty'),(1056,212,'Room 1',8000,'empty'),(1057,212,'Room 2',8000,'empty'),(1058,212,'Room 3',8000,'empty'),(1059,212,'Room 4',8000,'empty'),(1060,212,'Room 5',8000,'empty'),(1061,213,'Room 1',8000,'empty'),(1062,213,'Room 2',8000,'empty'),(1063,213,'Room 3',8000,'empty'),(1064,213,'Room 4',8000,'empty'),(1065,213,'Room 5',8000,'empty'),(1066,214,'Room 1',8000,'empty'),(1067,214,'Room 2',8000,'empty'),(1068,214,'Room 3',8000,'empty'),(1069,214,'Room 4',8000,'empty'),(1070,214,'Room 5',8000,'empty'),(1071,215,'Room 1',8000,'empty'),(1072,215,'Room 2',8000,'empty'),(1073,215,'Room 3',8000,'empty'),(1074,215,'Room 4',8000,'empty'),(1075,215,'Room 5',8000,'empty'),(1076,216,'Room 1',8000,'empty'),(1077,216,'Room 2',8000,'empty'),(1078,216,'Room 3',8000,'empty'),(1079,216,'Room 4',8000,'empty'),(1080,216,'Room 5',8000,'empty'),(1081,217,'Room 1',8000,'empty'),(1082,217,'Room 2',8000,'empty'),(1083,217,'Room 3',8000,'empty'),(1084,217,'Room 4',8000,'empty'),(1085,217,'Room 5',8000,'empty'),(1086,218,'Room 1',8000,'empty'),(1087,218,'Room 2',8000,'empty'),(1088,218,'Room 3',8000,'empty'),(1089,218,'Room 4',8000,'empty'),(1090,218,'Room 5',8000,'empty'),(1091,219,'Room 1',8000,'empty'),(1092,219,'Room 2',8000,'empty'),(1093,219,'Room 3',8000,'empty'),(1094,219,'Room 4',8000,'empty'),(1095,219,'Room 5',8000,'empty'),(1096,220,'Room 1',8000,'empty'),(1097,220,'Room 2',8000,'empty'),(1098,220,'Room 3',8000,'empty'),(1099,220,'Room 4',8000,'empty'),(1100,220,'Room 5',8000,'empty'),(1101,221,'Room 1',8000,'empty'),(1102,221,'Room 2',8000,'empty'),(1103,221,'Room 3',8000,'empty'),(1104,221,'Room 4',8000,'empty'),(1105,221,'Room 5',8000,'empty'),(1106,222,'Room 1',8000,'empty'),(1107,222,'Room 2',8000,'empty'),(1108,222,'Room 3',8000,'empty'),(1109,222,'Room 4',8000,'empty'),(1110,222,'Room 5',8000,'empty'),(1111,223,'Room 1',8000,'empty'),(1112,223,'Room 2',8000,'empty'),(1113,223,'Room 3',8000,'empty'),(1114,223,'Room 4',8000,'empty'),(1115,223,'Room 5',8000,'empty'),(1116,224,'Room 1',8000,'empty'),(1117,224,'Room 2',8000,'empty'),(1118,224,'Room 3',8000,'empty'),(1119,224,'Room 4',8000,'empty'),(1120,224,'Room 5',8000,'empty'),(1121,225,'Room 1',8000,'empty'),(1122,225,'Room 2',8000,'empty'),(1123,225,'Room 3',8000,'empty'),(1124,225,'Room 4',8000,'empty'),(1125,225,'Room 5',8000,'empty'),(1126,226,'Room 1',8000,'empty'),(1127,226,'Room 2',8000,'empty'),(1128,226,'Room 3',8000,'empty'),(1129,226,'Room 4',8000,'empty'),(1130,226,'Room 5',8000,'empty'),(1131,227,'Room 1',8000,'empty'),(1132,227,'Room 2',8000,'empty'),(1133,227,'Room 3',8000,'empty'),(1134,227,'Room 4',8000,'empty'),(1135,227,'Room 5',8000,'empty'),(1136,228,'Room 1',8000,'empty'),(1137,228,'Room 2',8000,'empty'),(1138,228,'Room 3',8000,'empty'),(1139,228,'Room 4',8000,'empty'),(1140,228,'Room 5',8000,'empty'),(1141,229,'Room 1',8000,'empty'),(1142,229,'Room 2',8000,'empty'),(1143,229,'Room 3',8000,'empty'),(1144,229,'Room 4',8000,'empty'),(1145,229,'Room 5',8000,'empty'),(1146,230,'Room 1',8000,'empty'),(1147,230,'Room 2',8000,'empty'),(1148,230,'Room 3',8000,'empty'),(1149,230,'Room 4',8000,'empty'),(1150,230,'Room 5',8000,'empty'),(1151,231,'Room 1',8000,'empty'),(1152,231,'Room 2',8000,'empty'),(1153,231,'Room 3',8000,'empty'),(1154,231,'Room 4',8000,'empty'),(1155,231,'Room 5',8000,'empty'),(1156,232,'Room 1',8000,'empty'),(1157,232,'Room 2',8000,'empty'),(1158,232,'Room 3',8000,'empty'),(1159,232,'Room 4',8000,'empty'),(1160,232,'Room 5',8000,'empty'),(1161,233,'Room 1',8000,'empty'),(1162,233,'Room 2',8000,'empty'),(1163,233,'Room 3',8000,'empty'),(1164,233,'Room 4',8000,'empty'),(1165,233,'Room 5',8000,'empty'),(1166,234,'Room 1',8000,'empty'),(1167,234,'Room 2',8000,'empty'),(1168,234,'Room 3',8000,'empty'),(1169,234,'Room 4',8000,'empty'),(1170,234,'Room 5',8000,'empty'),(1171,235,'Room 1',8000,'empty'),(1172,235,'Room 2',8000,'empty'),(1173,235,'Room 3',8000,'empty'),(1174,235,'Room 4',8000,'empty'),(1175,235,'Room 5',8000,'empty'),(1176,236,'Room 1',8000,'empty'),(1177,236,'Room 2',8000,'empty'),(1178,236,'Room 3',8000,'empty'),(1179,236,'Room 4',8000,'empty'),(1180,236,'Room 5',8000,'empty'),(1181,237,'Room 1',8000,'empty'),(1182,237,'Room 2',8000,'empty'),(1183,237,'Room 3',8000,'empty'),(1184,237,'Room 4',8000,'empty'),(1185,237,'Room 5',8000,'empty'),(1186,238,'Room 1',8000,'empty'),(1187,238,'Room 2',8000,'empty'),(1188,238,'Room 3',8000,'empty'),(1189,238,'Room 4',8000,'empty'),(1190,238,'Room 5',8000,'empty'),(1191,239,'Room 1',8000,'empty'),(1192,239,'Room 2',8000,'empty'),(1193,239,'Room 3',8000,'empty'),(1194,239,'Room 4',8000,'empty'),(1195,239,'Room 5',8000,'empty'),(1196,240,'Room 1',8000,'empty'),(1197,240,'Room 2',8000,'empty'),(1198,240,'Room 3',8000,'empty'),(1199,240,'Room 4',8000,'empty'),(1200,240,'Room 5',8000,'empty'),(1201,241,'Room 1',8000,'empty'),(1202,241,'Room 2',8000,'empty'),(1203,241,'Room 3',8000,'empty'),(1204,241,'Room 4',8000,'empty'),(1205,241,'Room 5',8000,'empty'),(1206,242,'Room 1',8000,'empty'),(1207,242,'Room 2',8000,'empty'),(1208,242,'Room 3',8000,'empty'),(1209,242,'Room 4',8000,'empty'),(1210,242,'Room 5',8000,'empty'),(1211,243,'Room 1',8000,'empty'),(1212,243,'Room 2',8000,'empty'),(1213,243,'Room 3',8000,'empty'),(1214,243,'Room 4',8000,'empty'),(1215,243,'Room 5',8000,'empty'),(1216,244,'Room 1',8000,'empty'),(1217,244,'Room 2',8000,'empty'),(1218,244,'Room 3',8000,'empty'),(1219,244,'Room 4',8000,'empty'),(1220,244,'Room 5',8000,'empty'),(1221,245,'Room 1',8000,'empty'),(1222,245,'Room 2',8000,'empty'),(1223,245,'Room 3',8000,'empty'),(1224,245,'Room 4',8000,'empty'),(1225,245,'Room 5',8000,'empty'),(1226,246,'Room 1',8000,'empty'),(1227,246,'Room 2',8000,'empty'),(1228,246,'Room 3',8000,'empty'),(1229,246,'Room 4',8000,'empty'),(1230,246,'Room 5',8000,'empty'),(1231,247,'Room 1',8000,'empty'),(1232,247,'Room 2',8000,'empty'),(1233,247,'Room 3',8000,'empty'),(1234,247,'Room 4',8000,'empty'),(1235,247,'Room 5',8000,'empty'),(1236,248,'Room 1',8000,'empty'),(1237,248,'Room 2',8000,'empty'),(1238,248,'Room 3',8000,'empty'),(1239,248,'Room 4',8000,'empty'),(1240,248,'Room 5',8000,'empty'),(1241,249,'Room 1',8000,'empty'),(1242,249,'Room 2',8000,'empty'),(1243,249,'Room 3',8000,'empty'),(1244,249,'Room 4',8000,'empty'),(1245,249,'Room 5',8000,'empty'),(1246,250,'Room 1',8000,'empty'),(1247,250,'Room 2',8000,'empty'),(1248,250,'Room 3',8000,'empty'),(1249,250,'Room 4',8000,'empty'),(1250,250,'Room 5',8000,'empty'),(1251,251,'Room 1',8000,'empty'),(1252,251,'Room 2',8000,'empty'),(1253,251,'Room 3',8000,'empty'),(1254,251,'Room 4',8000,'empty'),(1255,251,'Room 5',8000,'empty'),(1256,252,'Room 1',8000,'empty'),(1257,252,'Room 2',8000,'empty'),(1258,252,'Room 3',8000,'empty'),(1259,252,'Room 4',8000,'empty'),(1260,252,'Room 5',8000,'empty'),(1261,253,'Room 1',8000,'empty'),(1262,253,'Room 2',8000,'empty'),(1263,253,'Room 3',8000,'empty'),(1264,253,'Room 4',8000,'empty'),(1265,253,'Room 5',8000,'empty'),(1266,254,'Room 1',8000,'empty'),(1267,254,'Room 2',8000,'empty'),(1268,254,'Room 3',8000,'empty'),(1269,254,'Room 4',8000,'empty'),(1270,254,'Room 5',8000,'empty'),(1271,255,'Room 1',8000,'empty'),(1272,255,'Room 2',8000,'empty'),(1273,255,'Room 3',8000,'empty'),(1274,255,'Room 4',8000,'empty'),(1275,255,'Room 5',8000,'empty'),(1276,256,'Room 1',8000,'empty'),(1277,256,'Room 2',8000,'empty'),(1278,256,'Room 3',8000,'empty'),(1279,256,'Room 4',8000,'empty'),(1280,256,'Room 5',8000,'empty'),(1281,257,'Room 1',8000,'empty'),(1282,257,'Room 2',8000,'empty'),(1283,257,'Room 3',8000,'empty'),(1284,257,'Room 4',8000,'empty'),(1285,257,'Room 5',8000,'empty'),(1286,258,'Room 1',8000,'empty'),(1287,258,'Room 2',8000,'empty'),(1288,258,'Room 3',8000,'empty'),(1289,258,'Room 4',8000,'empty'),(1290,258,'Room 5',8000,'empty'),(1291,259,'Room 1',8000,'empty'),(1292,259,'Room 2',8000,'empty'),(1293,259,'Room 3',8000,'empty'),(1294,259,'Room 4',8000,'empty'),(1295,259,'Room 5',8000,'empty'),(1296,260,'Room 1',8000,'empty'),(1297,260,'Room 2',8000,'empty'),(1298,260,'Room 3',8000,'empty'),(1299,260,'Room 4',8000,'empty'),(1300,260,'Room 5',8000,'empty'),(1301,261,'Room 1',8000,'empty'),(1302,261,'Room 2',8000,'empty'),(1303,261,'Room 3',8000,'empty'),(1304,261,'Room 4',8000,'empty'),(1305,261,'Room 5',8000,'empty'),(1306,262,'Room 1',8000,'empty'),(1307,262,'Room 2',8000,'empty'),(1308,262,'Room 3',8000,'empty'),(1309,262,'Room 4',8000,'empty'),(1310,262,'Room 5',8000,'empty'),(1311,263,'Room 1',8000,'empty'),(1312,263,'Room 2',8000,'empty'),(1313,263,'Room 3',8000,'empty'),(1314,263,'Room 4',8000,'empty'),(1315,263,'Room 5',8000,'empty'),(1316,264,'Room 1',8000,'empty'),(1317,264,'Room 2',8000,'empty'),(1318,264,'Room 3',8000,'empty'),(1319,264,'Room 4',8000,'empty'),(1320,264,'Room 5',8000,'empty'),(1321,265,'Room 1',8000,'empty'),(1322,265,'Room 2',8000,'empty'),(1323,265,'Room 3',8000,'empty'),(1324,265,'Room 4',8000,'empty'),(1325,265,'Room 5',8000,'empty'),(1326,266,'Room 1',8000,'empty'),(1327,266,'Room 2',8000,'empty'),(1328,266,'Room 3',8000,'empty'),(1329,266,'Room 4',8000,'empty'),(1330,266,'Room 5',8000,'empty'),(1331,267,'Room 1',8000,'empty'),(1332,267,'Room 2',8000,'empty'),(1333,267,'Room 3',8000,'empty'),(1334,267,'Room 4',8000,'empty'),(1335,267,'Room 5',8000,'empty'),(1336,268,'Room 1',8000,'empty'),(1337,268,'Room 2',8000,'empty'),(1338,268,'Room 3',8000,'empty'),(1339,268,'Room 4',8000,'empty'),(1340,268,'Room 5',8000,'empty'),(1341,269,'Room 1',8000,'empty'),(1342,269,'Room 2',8000,'empty'),(1343,269,'Room 3',8000,'empty'),(1344,269,'Room 4',8000,'empty'),(1345,269,'Room 5',8000,'empty'),(1346,270,'Room 1',8000,'empty'),(1347,270,'Room 2',8000,'empty'),(1348,270,'Room 3',8000,'empty'),(1349,270,'Room 4',8000,'empty'),(1350,270,'Room 5',8000,'empty'),(1351,271,'Room 1',8000,'empty'),(1352,271,'Room 2',8000,'empty'),(1353,271,'Room 3',8000,'empty'),(1354,271,'Room 4',8000,'empty'),(1355,271,'Room 5',8000,'empty'),(1356,272,'Room 1',8000,'empty'),(1357,272,'Room 2',8000,'empty'),(1358,272,'Room 3',8000,'empty'),(1359,272,'Room 4',8000,'empty'),(1360,272,'Room 5',8000,'empty'),(1361,273,'Room 1',8000,'empty'),(1362,273,'Room 2',8000,'empty'),(1363,273,'Room 3',8000,'empty'),(1364,273,'Room 4',8000,'empty'),(1365,273,'Room 5',8000,'empty'),(1366,274,'Room 1',8000,'empty'),(1367,274,'Room 2',8000,'empty'),(1368,274,'Room 3',8000,'empty'),(1369,274,'Room 4',8000,'empty'),(1370,274,'Room 5',8000,'empty'),(1371,275,'Room 1',8000,'empty'),(1372,275,'Room 2',8000,'empty'),(1373,275,'Room 3',8000,'empty'),(1374,275,'Room 4',8000,'empty'),(1375,275,'Room 5',8000,'empty'),(1376,276,'Room 1',8000,'empty'),(1377,276,'Room 2',8000,'empty'),(1378,276,'Room 3',8000,'empty'),(1379,276,'Room 4',8000,'empty'),(1380,276,'Room 5',8000,'empty'),(1381,277,'Room 1',8000,'empty'),(1382,277,'Room 2',8000,'empty'),(1383,277,'Room 3',8000,'empty'),(1384,277,'Room 4',8000,'empty'),(1385,277,'Room 5',8000,'empty'),(1386,278,'Room 1',8000,'empty'),(1387,278,'Room 2',8000,'empty'),(1388,278,'Room 3',8000,'empty'),(1389,278,'Room 4',8000,'empty'),(1390,278,'Room 5',8000,'empty'),(1391,279,'Room 1',8000,'empty'),(1392,279,'Room 2',8000,'empty'),(1393,279,'Room 3',8000,'empty'),(1394,279,'Room 4',8000,'empty'),(1395,279,'Room 5',8000,'empty'),(1396,280,'Room 1',8000,'empty'),(1397,280,'Room 2',8000,'empty'),(1398,280,'Room 3',8000,'empty'),(1399,280,'Room 4',8000,'empty'),(1400,280,'Room 5',8000,'empty'),(1401,281,'Room 1',8000,'empty'),(1402,281,'Room 2',8000,'empty'),(1403,281,'Room 3',8000,'empty'),(1404,281,'Room 4',8000,'empty'),(1405,281,'Room 5',8000,'empty'),(1406,282,'Room 1',8000,'empty'),(1407,282,'Room 2',8000,'empty'),(1408,282,'Room 3',8000,'empty'),(1409,282,'Room 4',8000,'empty'),(1410,282,'Room 5',8000,'empty'),(1411,283,'Room 1',8000,'empty'),(1412,283,'Room 2',8000,'empty'),(1413,283,'Room 3',8000,'empty'),(1414,283,'Room 4',8000,'empty'),(1415,283,'Room 5',8000,'empty'),(1416,284,'Room 1',8000,'empty'),(1417,284,'Room 2',8000,'empty'),(1418,284,'Room 3',8000,'empty'),(1419,284,'Room 4',8000,'empty'),(1420,284,'Room 5',8000,'empty'),(1421,285,'Room 1',8000,'empty'),(1422,285,'Room 2',8000,'empty'),(1423,285,'Room 3',8000,'empty'),(1424,285,'Room 4',8000,'empty'),(1425,285,'Room 5',8000,'empty'),(1426,286,'Room 1',8000,'empty'),(1427,286,'Room 2',8000,'empty'),(1428,286,'Room 3',8000,'empty'),(1429,286,'Room 4',8000,'empty'),(1430,286,'Room 5',8000,'empty'),(1431,287,'Room 1',8000,'empty'),(1432,287,'Room 2',8000,'empty'),(1433,287,'Room 3',8000,'empty'),(1434,287,'Room 4',8000,'empty'),(1435,287,'Room 5',8000,'empty'),(1436,288,'Room 1',8000,'empty'),(1437,288,'Room 2',8000,'empty'),(1438,288,'Room 3',8000,'empty'),(1439,288,'Room 4',8000,'empty'),(1440,288,'Room 5',8000,'empty'),(1441,289,'Room 1',8000,'empty'),(1442,289,'Room 2',8000,'empty'),(1443,289,'Room 3',8000,'empty'),(1444,289,'Room 4',8000,'empty'),(1445,289,'Room 5',8000,'empty'),(1446,290,'Room 1',8000,'empty'),(1447,290,'Room 2',8000,'empty'),(1448,290,'Room 3',8000,'empty'),(1449,290,'Room 4',8000,'empty'),(1450,290,'Room 5',8000,'empty'),(1451,291,'Room 1',8000,'empty'),(1452,291,'Room 2',8000,'empty'),(1453,291,'Room 3',8000,'empty'),(1454,291,'Room 4',8000,'empty'),(1455,291,'Room 5',8000,'empty'),(1456,292,'Room 1',8000,'empty'),(1457,292,'Room 2',8000,'empty'),(1458,292,'Room 3',8000,'empty'),(1459,292,'Room 4',8000,'empty'),(1460,292,'Room 5',8000,'empty'),(1461,293,'Room 1',8000,'empty'),(1462,293,'Room 2',8000,'empty'),(1463,293,'Room 3',8000,'empty'),(1464,293,'Room 4',8000,'empty'),(1465,293,'Room 5',8000,'empty'),(1466,294,'Room 1',8000,'empty'),(1467,294,'Room 2',8000,'empty'),(1468,294,'Room 3',8000,'empty'),(1469,294,'Room 4',8000,'empty'),(1470,294,'Room 5',8000,'empty'),(1471,295,'Room 1',8000,'empty'),(1472,295,'Room 2',8000,'empty'),(1473,295,'Room 3',8000,'empty'),(1474,295,'Room 4',8000,'empty'),(1475,295,'Room 5',8000,'empty'),(1476,296,'Room 1',8000,'empty'),(1477,296,'Room 2',8000,'empty'),(1478,296,'Room 3',8000,'empty'),(1479,296,'Room 4',8000,'empty'),(1480,296,'Room 5',8000,'empty'),(1481,297,'Room 1',8000,'empty'),(1482,297,'Room 2',8000,'empty'),(1483,297,'Room 3',8000,'empty'),(1484,297,'Room 4',8000,'empty'),(1485,297,'Room 5',8000,'empty'),(1486,298,'Room 1',8000,'empty'),(1487,298,'Room 2',8000,'empty'),(1488,298,'Room 3',8000,'empty'),(1489,298,'Room 4',8000,'empty'),(1490,298,'Room 5',8000,'empty'),(1491,299,'Room 1',8000,'empty'),(1492,299,'Room 2',8000,'empty'),(1493,299,'Room 3',8000,'empty'),(1494,299,'Room 4',8000,'empty'),(1495,299,'Room 5',8000,'empty'),(1496,300,'Room 1',8000,'empty'),(1497,300,'Room 2',8000,'empty'),(1498,300,'Room 3',8000,'empty'),(1499,300,'Room 4',8000,'empty'),(1500,300,'Room 5',8000,'empty'),(1501,301,'Room 1',8000,'empty'),(1502,301,'Room 2',8000,'empty'),(1503,301,'Room 3',8000,'empty'),(1504,301,'Room 4',8000,'empty'),(1505,301,'Room 5',8000,'empty'),(1506,302,'Room 1',8000,'empty'),(1507,302,'Room 2',8000,'empty'),(1508,302,'Room 3',8000,'empty'),(1509,302,'Room 4',8000,'empty'),(1510,302,'Room 5',8000,'empty'),(1511,303,'Room 1',8000,'empty'),(1512,303,'Room 2',8000,'empty'),(1513,303,'Room 3',8000,'empty'),(1514,303,'Room 4',8000,'empty'),(1515,303,'Room 5',8000,'empty'),(1516,304,'Room 1',8000,'empty'),(1517,304,'Room 2',8000,'empty'),(1518,304,'Room 3',8000,'empty'),(1519,304,'Room 4',8000,'empty'),(1520,304,'Room 5',8000,'empty'),(1521,305,'Room 1',8000,'empty'),(1522,305,'Room 2',8000,'empty'),(1523,305,'Room 3',8000,'empty'),(1524,305,'Room 4',8000,'empty'),(1525,305,'Room 5',8000,'empty'),(1526,306,'Room 1',8000,'empty'),(1527,306,'Room 2',8000,'empty'),(1528,306,'Room 3',8000,'empty'),(1529,306,'Room 4',8000,'empty'),(1530,306,'Room 5',8000,'empty'),(1531,307,'Room 1',8000,'empty'),(1532,307,'Room 2',8000,'empty'),(1533,307,'Room 3',8000,'empty'),(1534,307,'Room 4',8000,'empty'),(1535,307,'Room 5',8000,'empty'),(1536,308,'Room 1',8000,'empty'),(1537,308,'Room 2',8000,'empty'),(1538,308,'Room 3',8000,'empty'),(1539,308,'Room 4',8000,'empty'),(1540,308,'Room 5',8000,'empty'),(1541,309,'Room 1',8000,'empty'),(1542,309,'Room 2',8000,'empty'),(1543,309,'Room 3',8000,'empty'),(1544,309,'Room 4',8000,'empty'),(1545,309,'Room 5',8000,'empty'),(1546,310,'Room 1',8000,'empty'),(1547,310,'Room 2',8000,'empty'),(1548,310,'Room 3',8000,'empty'),(1549,310,'Room 4',8000,'empty'),(1550,310,'Room 5',8000,'empty'),(1551,311,'Room 1',8000,'empty'),(1552,311,'Room 2',8000,'empty'),(1553,311,'Room 3',8000,'empty'),(1554,311,'Room 4',8000,'empty'),(1555,311,'Room 5',8000,'empty'),(1556,312,'Room 1',8000,'empty'),(1557,312,'Room 2',8000,'empty'),(1558,312,'Room 3',8000,'empty'),(1559,312,'Room 4',8000,'empty'),(1560,312,'Room 5',8000,'empty'),(1561,313,'Room 1',8000,'empty'),(1562,313,'Room 2',8000,'empty'),(1563,313,'Room 3',8000,'empty'),(1564,313,'Room 4',8000,'empty'),(1565,313,'Room 5',8000,'empty'),(1566,314,'Room 1',8000,'empty'),(1567,314,'Room 2',8000,'empty'),(1568,314,'Room 3',8000,'empty'),(1569,314,'Room 4',8000,'empty'),(1570,314,'Room 5',8000,'empty'),(1571,315,'Room 1',8000,'empty'),(1572,315,'Room 2',8000,'empty'),(1573,315,'Room 3',8000,'empty'),(1574,315,'Room 4',8000,'empty'),(1575,315,'Room 5',8000,'empty'),(1576,316,'Room 1',8000,'empty'),(1577,316,'Room 2',8000,'empty'),(1578,316,'Room 3',8000,'empty'),(1579,316,'Room 4',8000,'empty'),(1580,316,'Room 5',8000,'empty'),(1581,317,'Room 1',8000,'empty'),(1582,317,'Room 2',8000,'empty'),(1583,317,'Room 3',8000,'empty'),(1584,317,'Room 4',8000,'empty'),(1585,317,'Room 5',8000,'empty'),(1586,318,'Room 1',8000,'empty'),(1587,318,'Room 2',8000,'empty'),(1588,318,'Room 3',8000,'empty'),(1589,318,'Room 4',8000,'empty'),(1590,318,'Room 5',8000,'empty'),(1591,319,'Room 1',8000,'empty'),(1592,319,'Room 2',8000,'empty'),(1593,319,'Room 3',8000,'empty'),(1594,319,'Room 4',8000,'empty'),(1595,319,'Room 5',8000,'empty'),(1596,320,'Room 1',8000,'empty'),(1597,320,'Room 2',8000,'empty'),(1598,320,'Room 3',8000,'empty'),(1599,320,'Room 4',8000,'empty'),(1600,320,'Room 5',8000,'empty'),(1601,321,'Room 1',8000,'empty'),(1602,321,'Room 2',8000,'empty'),(1603,321,'Room 3',8000,'empty'),(1604,321,'Room 4',8000,'empty'),(1605,321,'Room 5',8000,'empty'),(1606,322,'Room 1',8000,'empty'),(1607,322,'Room 2',8000,'empty'),(1608,322,'Room 3',8000,'empty'),(1609,322,'Room 4',8000,'empty'),(1610,322,'Room 5',8000,'empty'),(1611,323,'Room 1',8000,'empty'),(1612,323,'Room 2',8000,'empty'),(1613,323,'Room 3',8000,'empty'),(1614,323,'Room 4',8000,'empty'),(1615,323,'Room 5',8000,'empty'),(1616,324,'Room 1',8000,'empty'),(1617,324,'Room 2',8000,'empty'),(1618,324,'Room 3',8000,'empty'),(1619,324,'Room 4',8000,'empty'),(1620,324,'Room 5',8000,'empty'),(1621,325,'Room 1',8000,'empty'),(1622,325,'Room 2',8000,'empty'),(1623,325,'Room 3',8000,'empty'),(1624,325,'Room 4',8000,'empty'),(1625,325,'Room 5',8000,'empty'),(1626,326,'Room 1',8000,'empty'),(1627,326,'Room 2',8000,'empty'),(1628,326,'Room 3',8000,'empty'),(1629,326,'Room 4',8000,'empty'),(1630,326,'Room 5',8000,'empty'),(1631,327,'Room 1',8000,'empty'),(1632,327,'Room 2',8000,'empty'),(1633,327,'Room 3',8000,'empty'),(1634,327,'Room 4',8000,'empty'),(1635,327,'Room 5',8000,'empty'),(1636,328,'Room 1',8000,'empty'),(1637,328,'Room 2',8000,'empty'),(1638,328,'Room 3',8000,'empty'),(1639,328,'Room 4',8000,'empty'),(1640,328,'Room 5',8000,'empty'),(1641,329,'Room 1',8000,'empty'),(1642,329,'Room 2',8000,'empty'),(1643,329,'Room 3',8000,'empty'),(1644,329,'Room 4',8000,'empty'),(1645,329,'Room 5',8000,'empty'),(1646,330,'Room 1',8000,'empty'),(1647,330,'Room 2',8000,'empty'),(1648,330,'Room 3',8000,'empty'),(1649,330,'Room 4',8000,'empty'),(1650,330,'Room 5',8000,'empty'),(1651,331,'Room 1',8000,'empty'),(1652,331,'Room 2',8000,'empty'),(1653,331,'Room 3',8000,'empty'),(1654,331,'Room 4',8000,'empty'),(1655,331,'Room 5',8000,'empty'),(1656,332,'Room 1',8000,'empty'),(1657,332,'Room 2',8000,'empty'),(1658,332,'Room 3',8000,'empty'),(1659,332,'Room 4',8000,'empty'),(1660,332,'Room 5',8000,'empty'),(1661,333,'Room 1',8000,'empty'),(1662,333,'Room 2',8000,'empty'),(1663,333,'Room 3',8000,'empty'),(1664,333,'Room 4',8000,'empty'),(1665,333,'Room 5',8000,'empty'),(1666,334,'Room 1',8000,'empty'),(1667,334,'Room 2',8000,'empty'),(1668,334,'Room 3',8000,'empty'),(1669,334,'Room 4',8000,'empty'),(1670,334,'Room 5',8000,'empty'),(1671,335,'Room 1',8000,'empty'),(1672,335,'Room 2',8000,'empty'),(1673,335,'Room 3',8000,'empty'),(1674,335,'Room 4',8000,'empty'),(1675,335,'Room 5',8000,'empty'),(1676,336,'Room 1',8000,'empty'),(1677,336,'Room 2',8000,'empty'),(1678,336,'Room 3',8000,'empty'),(1679,336,'Room 4',8000,'empty'),(1680,336,'Room 5',8000,'empty'),(1681,337,'Room 1',8000,'empty'),(1682,337,'Room 2',8000,'empty'),(1683,337,'Room 3',8000,'empty'),(1684,337,'Room 4',8000,'empty'),(1685,337,'Room 5',8000,'empty'),(1686,338,'Room 1',8000,'empty'),(1687,338,'Room 2',8000,'empty'),(1688,338,'Room 3',8000,'empty'),(1689,338,'Room 4',8000,'empty'),(1690,338,'Room 5',8000,'empty'),(1691,339,'Room 1',8000,'empty'),(1692,339,'Room 2',8000,'empty'),(1693,339,'Room 3',8000,'empty'),(1694,339,'Room 4',8000,'empty'),(1695,339,'Room 5',8000,'empty'),(1696,340,'Room 1',8000,'empty'),(1697,340,'Room 2',8000,'empty'),(1698,340,'Room 3',8000,'empty'),(1699,340,'Room 4',8000,'empty'),(1700,340,'Room 5',8000,'empty'),(1701,341,'Room 1',8000,'empty'),(1702,341,'Room 2',8000,'empty'),(1703,341,'Room 3',8000,'empty'),(1704,341,'Room 4',8000,'empty'),(1705,341,'Room 5',8000,'empty'),(1706,342,'Room 1',8000,'empty'),(1707,342,'Room 2',8000,'empty'),(1708,342,'Room 3',8000,'empty'),(1709,342,'Room 4',8000,'empty'),(1710,342,'Room 5',8000,'empty'),(1711,343,'Room 1',8000,'empty'),(1712,343,'Room 2',8000,'empty'),(1713,343,'Room 3',8000,'empty'),(1714,343,'Room 4',8000,'empty'),(1715,343,'Room 5',8000,'empty'),(1716,344,'Room 1',8000,'empty'),(1717,344,'Room 2',8000,'empty'),(1718,344,'Room 3',8000,'empty'),(1719,344,'Room 4',8000,'empty'),(1720,344,'Room 5',8000,'empty'),(1721,345,'Room 1',8000,'empty'),(1722,345,'Room 2',8000,'empty'),(1723,345,'Room 3',8000,'empty'),(1724,345,'Room 4',8000,'empty'),(1725,345,'Room 5',8000,'empty'),(1726,346,'Room 1',8000,'empty'),(1727,346,'Room 2',8000,'empty'),(1728,346,'Room 3',8000,'empty'),(1729,346,'Room 4',8000,'empty'),(1730,346,'Room 5',8000,'empty'),(1731,347,'Room 1',8000,'empty'),(1732,347,'Room 2',8000,'empty'),(1733,347,'Room 3',8000,'empty'),(1734,347,'Room 4',8000,'empty'),(1735,347,'Room 5',8000,'empty'),(1736,348,'Room 1',8000,'empty'),(1737,348,'Room 2',8000,'empty'),(1738,348,'Room 3',8000,'empty'),(1739,348,'Room 4',8000,'empty'),(1740,348,'Room 5',8000,'empty'),(1741,349,'Room 1',8000,'empty'),(1742,349,'Room 2',8000,'empty'),(1743,349,'Room 3',8000,'empty'),(1744,349,'Room 4',8000,'empty'),(1745,349,'Room 5',8000,'empty'),(1746,350,'Room 1',8000,'empty'),(1747,350,'Room 2',8000,'empty'),(1748,350,'Room 3',8000,'empty'),(1749,350,'Room 4',8000,'empty'),(1750,350,'Room 5',8000,'empty'),(1751,351,'Room 1',8000,'empty'),(1752,351,'Room 2',8000,'empty'),(1753,351,'Room 3',8000,'empty'),(1754,351,'Room 4',8000,'empty'),(1755,351,'Room 5',8000,'empty'),(1756,352,'Room 1',8000,'empty'),(1757,352,'Room 2',8000,'empty'),(1758,352,'Room 3',8000,'empty'),(1759,352,'Room 4',8000,'empty'),(1760,352,'Room 5',8000,'empty'),(1761,353,'Room 1',8000,'empty'),(1762,353,'Room 2',8000,'empty'),(1763,353,'Room 3',8000,'empty'),(1764,353,'Room 4',8000,'empty'),(1765,353,'Room 5',8000,'empty'),(1766,354,'Room 1',8000,'empty'),(1767,354,'Room 2',8000,'empty'),(1768,354,'Room 3',8000,'empty'),(1769,354,'Room 4',8000,'empty'),(1770,354,'Room 5',8000,'empty'),(1771,355,'Room 1',8000,'empty'),(1772,355,'Room 2',8000,'empty'),(1773,355,'Room 3',8000,'empty'),(1774,355,'Room 4',8000,'empty'),(1775,355,'Room 5',8000,'empty'),(1776,356,'Room 1',8000,'empty'),(1777,356,'Room 2',8000,'empty'),(1778,356,'Room 3',8000,'empty'),(1779,356,'Room 4',8000,'empty'),(1780,356,'Room 5',8000,'empty'),(1781,357,'Room 1',8000,'empty'),(1782,357,'Room 2',8000,'empty'),(1783,357,'Room 3',8000,'empty'),(1784,357,'Room 4',8000,'empty'),(1785,357,'Room 5',8000,'empty'),(1786,358,'Room 1',8000,'empty'),(1787,358,'Room 2',8000,'empty'),(1788,358,'Room 3',8000,'empty'),(1789,358,'Room 4',8000,'empty'),(1790,358,'Room 5',8000,'empty'),(1791,359,'Room 1',8000,'empty'),(1792,359,'Room 2',8000,'empty'),(1793,359,'Room 3',8000,'empty'),(1794,359,'Room 4',8000,'empty'),(1795,359,'Room 5',8000,'empty'),(1796,360,'Room 1',8000,'empty'),(1797,360,'Room 2',8000,'empty'),(1798,360,'Room 3',8000,'empty'),(1799,360,'Room 4',8000,'empty'),(1800,360,'Room 5',8000,'empty'),(1801,361,'Room 1',8000,'empty'),(1802,361,'Room 2',8000,'empty'),(1803,361,'Room 3',8000,'empty'),(1804,361,'Room 4',8000,'empty'),(1805,361,'Room 5',8000,'empty'),(1806,362,'Room 1',8000,'empty'),(1807,362,'Room 2',8000,'empty'),(1808,362,'Room 3',8000,'empty'),(1809,362,'Room 4',8000,'empty'),(1810,362,'Room 5',8000,'empty'),(1811,363,'Room 1',8000,'empty'),(1812,363,'Room 2',8000,'empty'),(1813,363,'Room 3',8000,'empty'),(1814,363,'Room 4',8000,'empty'),(1815,363,'Room 5',8000,'empty'),(1816,364,'Room 1',8000,'empty'),(1817,364,'Room 2',8000,'empty'),(1818,364,'Room 3',8000,'empty'),(1819,364,'Room 4',8000,'empty'),(1820,364,'Room 5',8000,'empty'),(1821,365,'Room 1',8000,'empty'),(1822,365,'Room 2',8000,'empty'),(1823,365,'Room 3',8000,'empty'),(1824,365,'Room 4',8000,'empty'),(1825,365,'Room 5',8000,'empty'),(1826,366,'Room 1',8000,'empty'),(1827,366,'Room 2',8000,'empty'),(1828,366,'Room 3',8000,'empty'),(1829,366,'Room 4',8000,'empty'),(1830,366,'Room 5',8000,'empty'),(1831,367,'Room 1',8000,'empty'),(1832,367,'Room 2',8000,'empty'),(1833,367,'Room 3',8000,'empty'),(1834,367,'Room 4',8000,'empty'),(1835,367,'Room 5',8000,'empty'),(1836,368,'Room 1',8000,'empty'),(1837,368,'Room 2',8000,'empty'),(1838,368,'Room 3',8000,'empty'),(1839,368,'Room 4',8000,'empty'),(1840,368,'Room 5',8000,'empty'),(1841,369,'Room 1',8000,'empty'),(1842,369,'Room 2',8000,'empty'),(1843,369,'Room 3',8000,'empty'),(1844,369,'Room 4',8000,'empty'),(1845,369,'Room 5',8000,'empty'),(1846,370,'Room 1',8000,'empty'),(1847,370,'Room 2',8000,'empty'),(1848,370,'Room 3',8000,'empty'),(1849,370,'Room 4',8000,'empty'),(1850,370,'Room 5',8000,'empty'),(1851,371,'Room 1',8000,'empty'),(1852,371,'Room 2',8000,'empty'),(1853,371,'Room 3',8000,'empty'),(1854,371,'Room 4',8000,'empty'),(1855,371,'Room 5',8000,'empty'),(1856,372,'Room 1',8000,'empty'),(1857,372,'Room 2',8000,'empty'),(1858,372,'Room 3',8000,'empty'),(1859,372,'Room 4',8000,'empty'),(1860,372,'Room 5',8000,'empty'),(1861,373,'Room 1',8000,'empty'),(1862,373,'Room 2',8000,'empty'),(1863,373,'Room 3',8000,'empty'),(1864,373,'Room 4',8000,'empty'),(1865,373,'Room 5',8000,'empty'),(1866,374,'Room 1',8000,'empty'),(1867,374,'Room 2',8000,'empty'),(1868,374,'Room 3',8000,'empty'),(1869,374,'Room 4',8000,'empty'),(1870,374,'Room 5',8000,'empty'),(1871,375,'Room 1',8000,'empty'),(1872,375,'Room 2',8000,'empty'),(1873,375,'Room 3',8000,'empty'),(1874,375,'Room 4',8000,'empty'),(1875,375,'Room 5',8000,'empty'),(1876,376,'Room 1',8000,'empty'),(1877,376,'Room 2',8000,'empty'),(1878,376,'Room 3',8000,'empty'),(1879,376,'Room 4',8000,'empty'),(1880,376,'Room 5',8000,'empty'),(1881,377,'Room 1',8000,'empty'),(1882,377,'Room 2',8000,'empty'),(1883,377,'Room 3',8000,'empty'),(1884,377,'Room 4',8000,'empty'),(1885,377,'Room 5',8000,'empty'),(1886,378,'Room 1',8000,'empty'),(1887,378,'Room 2',8000,'empty'),(1888,378,'Room 3',8000,'empty'),(1889,378,'Room 4',8000,'empty'),(1890,378,'Room 5',8000,'empty'),(1891,379,'Room 1',8000,'empty'),(1892,379,'Room 2',8000,'empty'),(1893,379,'Room 3',8000,'empty'),(1894,379,'Room 4',8000,'empty'),(1895,379,'Room 5',8000,'empty'),(1896,380,'Room 1',8000,'empty'),(1897,380,'Room 2',8000,'empty'),(1898,380,'Room 3',8000,'empty'),(1899,380,'Room 4',8000,'empty'),(1900,380,'Room 5',8000,'empty'),(1901,381,'Room 1',8000,'empty'),(1902,381,'Room 2',8000,'empty'),(1903,381,'Room 3',8000,'empty'),(1904,381,'Room 4',8000,'empty'),(1905,381,'Room 5',8000,'empty'),(1906,382,'Room 1',8000,'empty'),(1907,382,'Room 2',8000,'empty'),(1908,382,'Room 3',8000,'empty'),(1909,382,'Room 4',8000,'empty'),(1910,382,'Room 5',8000,'empty'),(1911,383,'Room 1',8000,'empty'),(1912,383,'Room 2',8000,'empty'),(1913,383,'Room 3',8000,'empty'),(1914,383,'Room 4',8000,'empty'),(1915,383,'Room 5',8000,'empty'),(1916,384,'Room 1',8000,'empty'),(1917,384,'Room 2',8000,'empty'),(1918,384,'Room 3',8000,'empty'),(1919,384,'Room 4',8000,'empty'),(1920,384,'Room 5',8000,'empty'),(1921,385,'Room 1',8000,'empty'),(1922,385,'Room 2',8000,'empty'),(1923,385,'Room 3',8000,'empty'),(1924,385,'Room 4',8000,'empty'),(1925,385,'Room 5',8000,'empty'),(1926,386,'Room 1',8000,'empty'),(1927,386,'Room 2',8000,'empty'),(1928,386,'Room 3',8000,'empty'),(1929,386,'Room 4',8000,'empty'),(1930,386,'Room 5',8000,'empty'),(1931,387,'Room 1',8000,'empty'),(1932,387,'Room 2',8000,'empty'),(1933,387,'Room 3',8000,'empty'),(1934,387,'Room 4',8000,'empty'),(1935,387,'Room 5',8000,'empty'),(1936,388,'Room 1',8000,'empty'),(1937,388,'Room 2',8000,'empty'),(1938,388,'Room 3',8000,'empty'),(1939,388,'Room 4',8000,'empty'),(1940,388,'Room 5',8000,'empty'),(1941,389,'Room 1',8000,'empty'),(1942,389,'Room 2',8000,'empty'),(1943,389,'Room 3',8000,'empty'),(1944,389,'Room 4',8000,'empty'),(1945,389,'Room 5',8000,'empty'),(1946,390,'Room 1',8000,'empty'),(1947,390,'Room 2',8000,'empty'),(1948,390,'Room 3',8000,'empty'),(1949,390,'Room 4',8000,'empty'),(1950,390,'Room 5',8000,'empty'),(1951,391,'Room 1',8000,'empty'),(1952,391,'Room 2',8000,'empty'),(1953,391,'Room 3',8000,'empty'),(1954,391,'Room 4',8000,'empty'),(1955,391,'Room 5',8000,'empty'),(1956,392,'Room 1',8000,'empty'),(1957,392,'Room 2',8000,'empty'),(1958,392,'Room 3',8000,'empty'),(1959,392,'Room 4',8000,'empty'),(1960,392,'Room 5',8000,'empty'),(1961,393,'Room 1',8000,'empty'),(1962,393,'Room 2',8000,'empty'),(1963,393,'Room 3',8000,'empty'),(1964,393,'Room 4',8000,'empty'),(1965,393,'Room 5',8000,'empty'),(1966,394,'Room 1',8000,'empty'),(1967,394,'Room 2',8000,'empty'),(1968,394,'Room 3',8000,'empty'),(1969,394,'Room 4',8000,'empty'),(1970,394,'Room 5',8000,'empty'),(1971,395,'Room 1',8000,'empty'),(1972,395,'Room 2',8000,'empty'),(1973,395,'Room 3',8000,'empty'),(1974,395,'Room 4',8000,'empty'),(1975,395,'Room 5',8000,'empty'),(1976,396,'Room 1',8000,'empty'),(1977,396,'Room 2',8000,'empty'),(1978,396,'Room 3',8000,'empty'),(1979,396,'Room 4',8000,'empty'),(1980,396,'Room 5',8000,'empty'),(1981,397,'Room 1',8000,'empty'),(1982,397,'Room 2',8000,'empty'),(1983,397,'Room 3',8000,'empty'),(1984,397,'Room 4',8000,'empty'),(1985,397,'Room 5',8000,'empty'),(1986,398,'Room 1',8000,'empty'),(1987,398,'Room 2',8000,'empty'),(1988,398,'Room 3',8000,'empty'),(1989,398,'Room 4',8000,'empty'),(1990,398,'Room 5',8000,'empty'),(1991,399,'Room 1',8000,'empty'),(1992,399,'Room 2',8000,'empty'),(1993,399,'Room 3',8000,'empty'),(1994,399,'Room 4',8000,'empty'),(1995,399,'Room 5',8000,'empty'),(1996,400,'Room 1',8000,'empty'),(1997,400,'Room 2',8000,'empty'),(1998,400,'Room 3',8000,'empty'),(1999,400,'Room 4',8000,'empty'),(2000,400,'Room 5',8000,'empty'),(2001,401,'Room 1',8000,'empty'),(2002,401,'Room 2',8000,'empty'),(2003,401,'Room 3',8000,'empty'),(2004,401,'Room 4',8000,'empty'),(2005,401,'Room 5',8000,'empty'),(2006,402,'Room 1',8000,'empty'),(2007,402,'Room 2',8000,'empty'),(2008,402,'Room 3',8000,'empty'),(2009,402,'Room 4',8000,'empty'),(2010,402,'Room 5',8000,'empty'),(2011,403,'Room 1',8000,'empty'),(2012,403,'Room 2',8000,'empty'),(2013,403,'Room 3',8000,'empty'),(2014,403,'Room 4',8000,'empty'),(2015,403,'Room 5',8000,'empty'),(2016,404,'Room 1',8000,'empty'),(2017,404,'Room 2',8000,'empty'),(2018,404,'Room 3',8000,'empty'),(2019,404,'Room 4',8000,'empty'),(2020,404,'Room 5',8000,'empty'),(2021,405,'Room 1',8000,'empty'),(2022,405,'Room 2',8000,'empty'),(2023,405,'Room 3',8000,'empty'),(2024,405,'Room 4',8000,'empty'),(2025,405,'Room 5',8000,'empty'),(2026,406,'Room 1',8000,'empty'),(2027,406,'Room 2',8000,'empty'),(2028,406,'Room 3',8000,'empty'),(2029,406,'Room 4',8000,'empty'),(2030,406,'Room 5',8000,'empty'),(2031,407,'Room 1',8000,'empty'),(2032,407,'Room 2',8000,'empty'),(2033,407,'Room 3',8000,'empty'),(2034,407,'Room 4',8000,'empty'),(2035,407,'Room 5',8000,'empty'),(2036,408,'Room 1',8000,'empty'),(2037,408,'Room 2',8000,'empty'),(2038,408,'Room 3',8000,'empty'),(2039,408,'Room 4',8000,'empty'),(2040,408,'Room 5',8000,'empty'),(2041,409,'Room 1',8000,'empty'),(2042,409,'Room 2',8000,'empty'),(2043,409,'Room 3',8000,'empty'),(2044,409,'Room 4',8000,'empty'),(2045,409,'Room 5',8000,'empty'),(2046,410,'Room 1',8000,'empty'),(2047,410,'Room 2',8000,'empty'),(2048,410,'Room 3',8000,'empty'),(2049,410,'Room 4',8000,'empty'),(2050,410,'Room 5',8000,'empty'),(2051,411,'Room 1',8000,'empty'),(2052,411,'Room 2',8000,'empty'),(2053,411,'Room 3',8000,'empty'),(2054,411,'Room 4',8000,'empty'),(2055,411,'Room 5',8000,'empty'),(2056,412,'Room 1',8000,'empty'),(2057,412,'Room 2',8000,'empty'),(2058,412,'Room 3',8000,'empty'),(2059,412,'Room 4',8000,'empty'),(2060,412,'Room 5',8000,'empty'),(2061,413,'Room 1',8000,'empty'),(2062,413,'Room 2',8000,'empty'),(2063,413,'Room 3',8000,'empty'),(2064,413,'Room 4',8000,'empty'),(2065,413,'Room 5',8000,'empty'),(2066,414,'Room 1',8000,'empty'),(2067,414,'Room 2',8000,'empty'),(2068,414,'Room 3',8000,'empty'),(2069,414,'Room 4',8000,'empty'),(2070,414,'Room 5',8000,'empty'),(2071,415,'Room 1',8000,'empty'),(2072,415,'Room 2',8000,'empty'),(2073,415,'Room 3',8000,'empty'),(2074,415,'Room 4',8000,'empty'),(2075,415,'Room 5',8000,'empty'),(2076,416,'Room 1',8000,'empty'),(2077,416,'Room 2',8000,'empty'),(2078,416,'Room 3',8000,'empty'),(2079,416,'Room 4',8000,'empty'),(2080,416,'Room 5',8000,'empty'),(2081,417,'Room 1',8000,'empty'),(2082,417,'Room 2',8000,'empty'),(2083,417,'Room 3',8000,'empty'),(2084,417,'Room 4',8000,'empty'),(2085,417,'Room 5',8000,'empty'),(2086,418,'Room 1',8000,'empty'),(2087,418,'Room 2',8000,'empty'),(2088,418,'Room 3',8000,'empty'),(2089,418,'Room 4',8000,'empty'),(2090,418,'Room 5',8000,'empty'),(2091,419,'Room 1',8000,'empty'),(2092,419,'Room 2',8000,'empty'),(2093,419,'Room 3',8000,'empty'),(2094,419,'Room 4',8000,'empty'),(2095,419,'Room 5',8000,'empty'),(2096,420,'Room 1',8000,'empty'),(2097,420,'Room 2',8000,'empty'),(2098,420,'Room 3',8000,'empty'),(2099,420,'Room 4',8000,'empty'),(2100,420,'Room 5',8000,'empty'),(2101,421,'Room 1',8000,'empty'),(2102,421,'Room 2',8000,'empty'),(2103,421,'Room 3',8000,'empty'),(2104,421,'Room 4',8000,'empty'),(2105,421,'Room 5',8000,'empty'),(2106,422,'Room 1',8000,'empty'),(2107,422,'Room 2',8000,'empty'),(2108,422,'Room 3',8000,'empty'),(2109,422,'Room 4',8000,'empty'),(2110,422,'Room 5',8000,'empty'),(2111,423,'Room 1',8000,'empty'),(2112,423,'Room 2',8000,'empty'),(2113,423,'Room 3',8000,'empty'),(2114,423,'Room 4',8000,'empty'),(2115,423,'Room 5',8000,'empty'),(2116,424,'Room 1',8000,'empty'),(2117,424,'Room 2',8000,'empty'),(2118,424,'Room 3',8000,'empty'),(2119,424,'Room 4',8000,'empty'),(2120,424,'Room 5',8000,'empty'),(2121,425,'Room 1',8000,'empty'),(2122,425,'Room 2',8000,'empty'),(2123,425,'Room 3',8000,'empty'),(2124,425,'Room 4',8000,'empty'),(2125,425,'Room 5',8000,'empty'),(2126,426,'Room 1',8000,'empty'),(2127,426,'Room 2',8000,'empty'),(2128,426,'Room 3',8000,'empty'),(2129,426,'Room 4',8000,'empty'),(2130,426,'Room 5',8000,'empty'),(2131,427,'Room 1',8000,'empty'),(2132,427,'Room 2',8000,'empty'),(2133,427,'Room 3',8000,'empty'),(2134,427,'Room 4',8000,'empty'),(2135,427,'Room 5',8000,'empty'),(2136,428,'Room 1',8000,'empty'),(2137,428,'Room 2',8000,'empty'),(2138,428,'Room 3',8000,'empty'),(2139,428,'Room 4',8000,'empty'),(2140,428,'Room 5',8000,'empty'),(2141,429,'Room 1',8000,'empty'),(2142,429,'Room 2',8000,'empty'),(2143,429,'Room 3',8000,'empty'),(2144,429,'Room 4',8000,'empty'),(2145,429,'Room 5',8000,'empty'),(2146,430,'Room 1',8000,'empty'),(2147,430,'Room 2',8000,'empty'),(2148,430,'Room 3',8000,'empty'),(2149,430,'Room 4',8000,'empty'),(2150,430,'Room 5',8000,'empty'),(2151,431,'Room 1',8000,'empty'),(2152,431,'Room 2',8000,'empty'),(2153,431,'Room 3',8000,'empty'),(2154,431,'Room 4',8000,'empty'),(2155,431,'Room 5',8000,'empty'),(2156,432,'Room 1',8000,'empty'),(2157,432,'Room 2',8000,'empty'),(2158,432,'Room 3',8000,'empty'),(2159,432,'Room 4',8000,'empty'),(2160,432,'Room 5',8000,'empty'),(2161,433,'Room 1',8000,'empty'),(2162,433,'Room 2',8000,'empty'),(2163,433,'Room 3',8000,'empty'),(2164,433,'Room 4',8000,'empty'),(2165,433,'Room 5',8000,'empty'),(2166,434,'Room 1',8000,'empty'),(2167,434,'Room 2',8000,'empty'),(2168,434,'Room 3',8000,'empty'),(2169,434,'Room 4',8000,'empty'),(2170,434,'Room 5',8000,'empty'),(2171,435,'Room 1',8000,'empty'),(2172,435,'Room 2',8000,'empty'),(2173,435,'Room 3',8000,'empty'),(2174,435,'Room 4',8000,'empty'),(2175,435,'Room 5',8000,'empty'),(2176,436,'Room 1',8000,'empty'),(2177,436,'Room 2',8000,'empty'),(2178,436,'Room 3',8000,'empty'),(2179,436,'Room 4',8000,'empty'),(2180,436,'Room 5',8000,'empty'),(2181,437,'Room 1',8000,'empty'),(2182,437,'Room 2',8000,'empty'),(2183,437,'Room 3',8000,'empty'),(2184,437,'Room 4',8000,'empty'),(2185,437,'Room 5',8000,'empty'),(2186,438,'Room 1',8000,'empty'),(2187,438,'Room 2',8000,'empty'),(2188,438,'Room 3',8000,'empty'),(2189,438,'Room 4',8000,'empty'),(2190,438,'Room 5',8000,'empty'),(2191,439,'Room 1',8000,'empty'),(2192,439,'Room 2',8000,'empty'),(2193,439,'Room 3',8000,'empty'),(2194,439,'Room 4',8000,'empty'),(2195,439,'Room 5',8000,'empty'),(2196,440,'Room 1',8000,'empty'),(2197,440,'Room 2',8000,'empty'),(2198,440,'Room 3',8000,'empty'),(2199,440,'Room 4',8000,'empty'),(2200,440,'Room 5',8000,'empty'),(2201,441,'Room 1',8000,'empty'),(2202,441,'Room 2',8000,'empty'),(2203,441,'Room 3',8000,'empty'),(2204,441,'Room 4',8000,'empty'),(2205,441,'Room 5',8000,'empty'),(2206,442,'Room 1',8000,'empty'),(2207,442,'Room 2',8000,'empty'),(2208,442,'Room 3',8000,'empty'),(2209,442,'Room 4',8000,'empty'),(2210,442,'Room 5',8000,'empty'),(2211,443,'Room 1',8000,'empty'),(2212,443,'Room 2',8000,'empty'),(2213,443,'Room 3',8000,'empty'),(2214,443,'Room 4',8000,'empty'),(2215,443,'Room 5',8000,'empty'),(2216,444,'Room 1',8000,'empty'),(2217,444,'Room 2',8000,'empty'),(2218,444,'Room 3',8000,'empty'),(2219,444,'Room 4',8000,'empty'),(2220,444,'Room 5',8000,'empty'),(2221,445,'Room 1',8000,'empty'),(2222,445,'Room 2',8000,'empty'),(2223,445,'Room 3',8000,'empty'),(2224,445,'Room 4',8000,'empty'),(2225,445,'Room 5',8000,'empty'),(2226,446,'Room 1',8000,'empty'),(2227,446,'Room 2',8000,'empty'),(2228,446,'Room 3',8000,'empty'),(2229,446,'Room 4',8000,'empty'),(2230,446,'Room 5',8000,'empty'),(2231,447,'Room 1',8000,'empty'),(2232,447,'Room 2',8000,'empty'),(2233,447,'Room 3',8000,'empty'),(2234,447,'Room 4',8000,'empty'),(2235,447,'Room 5',8000,'empty'),(2236,448,'Room 1',8000,'empty'),(2237,448,'Room 2',8000,'empty'),(2238,448,'Room 3',8000,'empty'),(2239,448,'Room 4',8000,'empty'),(2240,448,'Room 5',8000,'empty'),(2241,449,'Room 1',8000,'empty'),(2242,449,'Room 2',8000,'empty'),(2243,449,'Room 3',8000,'empty'),(2244,449,'Room 4',8000,'empty'),(2245,449,'Room 5',8000,'empty'),(2246,450,'Room 1',8000,'empty'),(2247,450,'Room 2',8000,'empty'),(2248,450,'Room 3',8000,'empty'),(2249,450,'Room 4',8000,'empty'),(2250,450,'Room 5',8000,'empty'),(2251,451,'Room 1',8000,'empty'),(2252,451,'Room 2',8000,'empty'),(2253,451,'Room 3',8000,'empty'),(2254,451,'Room 4',8000,'empty'),(2255,451,'Room 5',8000,'empty'),(2256,452,'Room 1',8000,'empty'),(2257,452,'Room 2',8000,'empty'),(2258,452,'Room 3',8000,'empty'),(2259,452,'Room 4',8000,'empty'),(2260,452,'Room 5',8000,'empty'),(2261,453,'Room 1',8000,'empty'),(2262,453,'Room 2',8000,'empty'),(2263,453,'Room 3',8000,'empty'),(2264,453,'Room 4',8000,'empty'),(2265,453,'Room 5',8000,'empty'),(2266,454,'Room 1',8000,'empty'),(2267,454,'Room 2',8000,'empty'),(2268,454,'Room 3',8000,'empty'),(2269,454,'Room 4',8000,'empty'),(2270,454,'Room 5',8000,'empty'),(2271,455,'Room 1',8000,'empty'),(2272,455,'Room 2',8000,'empty'),(2273,455,'Room 3',8000,'empty'),(2274,455,'Room 4',8000,'empty'),(2275,455,'Room 5',8000,'empty'),(2276,456,'Room 1',8000,'empty'),(2277,456,'Room 2',8000,'empty'),(2278,456,'Room 3',8000,'empty'),(2279,456,'Room 4',8000,'empty'),(2280,456,'Room 5',8000,'empty'),(2281,457,'Room 1',8000,'empty'),(2282,457,'Room 2',8000,'empty'),(2283,457,'Room 3',8000,'empty'),(2284,457,'Room 4',8000,'empty'),(2285,457,'Room 5',8000,'empty'),(2286,458,'Room 1',8000,'empty'),(2287,458,'Room 2',8000,'empty'),(2288,458,'Room 3',8000,'empty'),(2289,458,'Room 4',8000,'empty'),(2290,458,'Room 5',8000,'empty'),(2291,459,'Room 1',8000,'empty'),(2292,459,'Room 2',8000,'empty'),(2293,459,'Room 3',8000,'empty'),(2294,459,'Room 4',8000,'empty'),(2295,459,'Room 5',8000,'empty'),(2296,460,'Room 1',8000,'empty'),(2297,460,'Room 2',8000,'empty'),(2298,460,'Room 3',8000,'empty'),(2299,460,'Room 4',8000,'empty'),(2300,460,'Room 5',8000,'empty'),(2301,461,'Room 1',8000,'empty'),(2302,461,'Room 2',8000,'empty'),(2303,461,'Room 3',8000,'empty'),(2304,461,'Room 4',8000,'empty'),(2305,461,'Room 5',8000,'empty'),(2306,462,'Room 1',8000,'empty'),(2307,462,'Room 2',8000,'empty'),(2308,462,'Room 3',8000,'empty'),(2309,462,'Room 4',8000,'empty'),(2310,462,'Room 5',8000,'empty'),(2311,463,'Room 1',8000,'empty'),(2312,463,'Room 2',8000,'empty'),(2313,463,'Room 3',8000,'empty'),(2314,463,'Room 4',8000,'empty'),(2315,463,'Room 5',8000,'empty'),(2316,464,'Room 1',8000,'empty'),(2317,464,'Room 2',8000,'empty'),(2318,464,'Room 3',8000,'empty'),(2319,464,'Room 4',8000,'empty'),(2320,464,'Room 5',8000,'empty'),(2321,465,'Room 1',8000,'empty'),(2322,465,'Room 2',8000,'empty'),(2323,465,'Room 3',8000,'empty'),(2324,465,'Room 4',8000,'empty'),(2325,465,'Room 5',8000,'empty'),(2326,466,'Room 1',8000,'empty'),(2327,466,'Room 2',8000,'empty'),(2328,466,'Room 3',8000,'empty'),(2329,466,'Room 4',8000,'empty'),(2330,466,'Room 5',8000,'empty'),(2331,467,'Room 1',8000,'empty'),(2332,467,'Room 2',8000,'empty'),(2333,467,'Room 3',8000,'empty'),(2334,467,'Room 4',8000,'empty'),(2335,467,'Room 5',8000,'empty'),(2336,468,'Room 1',8000,'empty'),(2337,468,'Room 2',8000,'empty'),(2338,468,'Room 3',8000,'empty'),(2339,468,'Room 4',8000,'empty'),(2340,468,'Room 5',8000,'empty'),(2341,469,'Room 1',8000,'empty'),(2342,469,'Room 2',8000,'empty'),(2343,469,'Room 3',8000,'empty'),(2344,469,'Room 4',8000,'empty'),(2345,469,'Room 5',8000,'empty'),(2346,470,'Room 1',8000,'empty'),(2347,470,'Room 2',8000,'empty'),(2348,470,'Room 3',8000,'empty'),(2349,470,'Room 4',8000,'empty'),(2350,470,'Room 5',8000,'empty'),(2351,471,'Room 1',8000,'empty'),(2352,471,'Room 2',8000,'empty'),(2353,471,'Room 3',8000,'empty'),(2354,471,'Room 4',8000,'empty'),(2355,471,'Room 5',8000,'empty'),(2356,472,'Room 1',8000,'empty'),(2357,472,'Room 2',8000,'empty'),(2358,472,'Room 3',8000,'empty'),(2359,472,'Room 4',8000,'empty'),(2360,472,'Room 5',8000,'empty'),(2361,473,'Room 1',8000,'empty'),(2362,473,'Room 2',8000,'empty'),(2363,473,'Room 3',8000,'empty'),(2364,473,'Room 4',8000,'empty'),(2365,473,'Room 5',8000,'empty'),(2366,474,'Room 1',8000,'empty'),(2367,474,'Room 2',8000,'empty'),(2368,474,'Room 3',8000,'empty'),(2369,474,'Room 4',8000,'empty'),(2370,474,'Room 5',8000,'empty'),(2371,475,'Room 1',8000,'empty'),(2372,475,'Room 2',8000,'empty'),(2373,475,'Room 3',8000,'empty'),(2374,475,'Room 4',8000,'empty'),(2375,475,'Room 5',8000,'empty'),(2376,476,'Room 1',8000,'empty'),(2377,476,'Room 2',8000,'empty'),(2378,476,'Room 3',8000,'empty'),(2379,476,'Room 4',8000,'empty'),(2380,476,'Room 5',8000,'empty'),(2381,477,'Room 1',8000,'empty'),(2382,477,'Room 2',8000,'empty'),(2383,477,'Room 3',8000,'empty'),(2384,477,'Room 4',8000,'empty'),(2385,477,'Room 5',8000,'empty'),(2386,478,'Room 1',8000,'empty'),(2387,478,'Room 2',8000,'empty'),(2388,478,'Room 3',8000,'empty'),(2389,478,'Room 4',8000,'empty'),(2390,478,'Room 5',8000,'empty'),(2391,479,'Room 1',8000,'empty'),(2392,479,'Room 2',8000,'empty'),(2393,479,'Room 3',8000,'empty'),(2394,479,'Room 4',8000,'empty'),(2395,479,'Room 5',8000,'empty'),(2396,480,'Room 1',8000,'empty'),(2397,480,'Room 2',8000,'empty'),(2398,480,'Room 3',8000,'empty'),(2399,480,'Room 4',8000,'empty'),(2400,480,'Room 5',8000,'empty'),(2401,481,'Room 1',8000,'empty'),(2402,481,'Room 2',8000,'empty'),(2403,481,'Room 3',8000,'empty'),(2404,481,'Room 4',8000,'empty'),(2405,481,'Room 5',8000,'empty'),(2406,482,'Room 1',8000,'empty'),(2407,482,'Room 2',8000,'empty'),(2408,482,'Room 3',8000,'empty'),(2409,482,'Room 4',8000,'empty'),(2410,482,'Room 5',8000,'empty'),(2411,483,'Room 1',8000,'empty'),(2412,483,'Room 2',8000,'empty'),(2413,483,'Room 3',8000,'empty'),(2414,483,'Room 4',8000,'empty'),(2415,483,'Room 5',8000,'empty'),(2416,484,'Room 1',8000,'empty'),(2417,484,'Room 2',8000,'empty'),(2418,484,'Room 3',8000,'empty'),(2419,484,'Room 4',8000,'empty'),(2420,484,'Room 5',8000,'empty'),(2421,485,'Room 1',8000,'empty'),(2422,485,'Room 2',8000,'empty'),(2423,485,'Room 3',8000,'empty'),(2424,485,'Room 4',8000,'empty'),(2425,485,'Room 5',8000,'empty'),(2426,486,'Room 1',8000,'empty'),(2427,486,'Room 2',8000,'empty'),(2428,486,'Room 3',8000,'empty'),(2429,486,'Room 4',8000,'empty'),(2430,486,'Room 5',8000,'empty'),(2431,487,'Room 1',8000,'empty'),(2432,487,'Room 2',8000,'empty'),(2433,487,'Room 3',8000,'empty'),(2434,487,'Room 4',8000,'empty'),(2435,487,'Room 5',8000,'empty'),(2436,488,'Room 1',8000,'empty'),(2437,488,'Room 2',8000,'empty'),(2438,488,'Room 3',8000,'empty'),(2439,488,'Room 4',8000,'empty'),(2440,488,'Room 5',8000,'empty'),(2441,489,'Room 1',8000,'empty'),(2442,489,'Room 2',8000,'empty'),(2443,489,'Room 3',8000,'empty'),(2444,489,'Room 4',8000,'empty'),(2445,489,'Room 5',8000,'empty'),(2446,490,'Room 1',8000,'empty'),(2447,490,'Room 2',8000,'empty'),(2448,490,'Room 3',8000,'empty'),(2449,490,'Room 4',8000,'empty'),(2450,490,'Room 5',8000,'empty'),(2451,491,'Room 1',8000,'empty'),(2452,491,'Room 2',8000,'empty'),(2453,491,'Room 3',8000,'empty'),(2454,491,'Room 4',8000,'empty'),(2455,491,'Room 5',8000,'empty'),(2456,492,'Room 1',8000,'empty'),(2457,492,'Room 2',8000,'empty'),(2458,492,'Room 3',8000,'empty'),(2459,492,'Room 4',8000,'empty'),(2460,492,'Room 5',8000,'empty'),(2461,493,'Room 1',8000,'empty'),(2462,493,'Room 2',8000,'empty'),(2463,493,'Room 3',8000,'empty'),(2464,493,'Room 4',8000,'empty'),(2465,493,'Room 5',8000,'empty'),(2466,494,'Room 1',8000,'empty'),(2467,494,'Room 2',8000,'empty'),(2468,494,'Room 3',8000,'empty'),(2469,494,'Room 4',8000,'empty'),(2470,494,'Room 5',8000,'empty'),(2471,495,'Room 1',8000,'empty'),(2472,495,'Room 2',8000,'empty'),(2473,495,'Room 3',8000,'empty'),(2474,495,'Room 4',8000,'empty'),(2475,495,'Room 5',8000,'empty'),(2476,496,'Room 1',8000,'empty'),(2477,496,'Room 2',8000,'empty'),(2478,496,'Room 3',8000,'empty'),(2479,496,'Room 4',8000,'empty'),(2480,496,'Room 5',8000,'empty'),(2481,497,'Room 1',8000,'empty'),(2482,497,'Room 2',8000,'empty'),(2483,497,'Room 3',8000,'empty'),(2484,497,'Room 4',8000,'empty'),(2485,497,'Room 5',8000,'empty'),(2486,498,'Room 1',8000,'empty'),(2487,498,'Room 2',8000,'empty'),(2488,498,'Room 3',8000,'empty'),(2489,498,'Room 4',8000,'empty'),(2490,498,'Room 5',8000,'empty'),(2491,499,'Room 1',8000,'empty'),(2492,499,'Room 2',8000,'empty'),(2493,499,'Room 3',8000,'empty'),(2494,499,'Room 4',8000,'empty'),(2495,499,'Room 5',8000,'empty'),(2496,500,'Room 1',8000,'empty'),(2497,500,'Room 2',8000,'empty'),(2498,500,'Room 3',8000,'empty'),(2499,500,'Room 4',8000,'empty'),(2500,500,'Room 5',8000,'empty'),(2501,501,'Room 1',8000,'empty'),(2502,501,'Room 2',8000,'empty'),(2503,501,'Room 3',8000,'empty'),(2504,501,'Room 4',8000,'empty'),(2505,501,'Room 5',8000,'empty'),(2506,502,'Room 1',8000,'empty'),(2507,502,'Room 2',8000,'empty'),(2508,502,'Room 3',8000,'empty'),(2509,502,'Room 4',8000,'empty'),(2510,502,'Room 5',8000,'empty'),(2511,503,'Room 1',8000,'empty'),(2512,503,'Room 2',8000,'empty'),(2513,503,'Room 3',8000,'empty'),(2514,503,'Room 4',8000,'empty'),(2515,503,'Room 5',8000,'empty'),(2516,504,'Room 1',8000,'empty'),(2517,504,'Room 2',8000,'empty'),(2518,504,'Room 3',8000,'empty'),(2519,504,'Room 4',8000,'empty'),(2520,504,'Room 5',8000,'empty'),(2521,505,'Room 1',8000,'empty'),(2522,505,'Room 2',8000,'empty'),(2523,505,'Room 3',8000,'empty'),(2524,505,'Room 4',8000,'empty'),(2525,505,'Room 5',8000,'empty'),(2526,506,'Room 1',8000,'empty'),(2527,506,'Room 2',8000,'empty'),(2528,506,'Room 3',8000,'empty'),(2529,506,'Room 4',8000,'empty'),(2530,506,'Room 5',8000,'empty'),(2531,507,'Room 1',8000,'empty'),(2532,507,'Room 2',8000,'empty'),(2533,507,'Room 3',8000,'empty'),(2534,507,'Room 4',8000,'empty'),(2535,507,'Room 5',8000,'empty'),(2536,508,'Room 1',8000,'empty'),(2537,508,'Room 2',8000,'empty'),(2538,508,'Room 3',8000,'empty'),(2539,508,'Room 4',8000,'empty'),(2540,508,'Room 5',8000,'empty'),(2541,509,'Room 1',8000,'empty'),(2542,509,'Room 2',8000,'empty'),(2543,509,'Room 3',8000,'empty'),(2544,509,'Room 4',8000,'empty'),(2545,509,'Room 5',8000,'empty'),(2546,510,'Room 1',8000,'empty'),(2547,510,'Room 2',8000,'empty'),(2548,510,'Room 3',8000,'empty'),(2549,510,'Room 4',8000,'empty'),(2550,510,'Room 5',8000,'empty'),(2551,511,'Room 1',8000,'empty'),(2552,511,'Room 2',8000,'empty'),(2553,511,'Room 3',8000,'empty'),(2554,511,'Room 4',8000,'empty'),(2555,511,'Room 5',8000,'empty'),(2556,512,'Room 1',8000,'empty'),(2557,512,'Room 2',8000,'empty'),(2558,512,'Room 3',8000,'empty'),(2559,512,'Room 4',8000,'empty'),(2560,512,'Room 5',8000,'empty'),(2561,513,'Room 1',8000,'empty'),(2562,513,'Room 2',8000,'empty'),(2563,513,'Room 3',8000,'empty'),(2564,513,'Room 4',8000,'empty'),(2565,513,'Room 5',8000,'empty'),(2566,514,'Room 1',8000,'empty'),(2567,514,'Room 2',8000,'empty'),(2568,514,'Room 3',8000,'empty'),(2569,514,'Room 4',8000,'empty'),(2570,514,'Room 5',8000,'empty'),(2571,515,'Room 1',8000,'empty'),(2572,515,'Room 2',8000,'empty'),(2573,515,'Room 3',8000,'empty'),(2574,515,'Room 4',8000,'empty'),(2575,515,'Room 5',8000,'empty'),(2576,516,'Room 1',8000,'empty'),(2577,516,'Room 2',8000,'empty'),(2578,516,'Room 3',8000,'empty'),(2579,516,'Room 4',8000,'empty'),(2580,516,'Room 5',8000,'empty'),(2581,517,'Room 1',8000,'empty'),(2582,517,'Room 2',8000,'empty'),(2583,517,'Room 3',8000,'empty'),(2584,517,'Room 4',8000,'empty'),(2585,517,'Room 5',8000,'empty'),(2586,518,'Room 1',8000,'empty'),(2587,518,'Room 2',8000,'empty'),(2588,518,'Room 3',8000,'empty'),(2589,518,'Room 4',8000,'empty'),(2590,518,'Room 5',8000,'empty'),(2591,519,'Room 1',8000,'empty'),(2592,519,'Room 2',8000,'empty'),(2593,519,'Room 3',8000,'empty'),(2594,519,'Room 4',8000,'empty'),(2595,519,'Room 5',8000,'empty'),(2596,520,'Room 1',8000,'empty'),(2597,520,'Room 2',8000,'empty'),(2598,520,'Room 3',8000,'empty'),(2599,520,'Room 4',8000,'empty'),(2600,520,'Room 5',8000,'empty'),(2601,521,'Room 1',8000,'empty'),(2602,521,'Room 2',8000,'empty'),(2603,521,'Room 3',8000,'empty'),(2604,521,'Room 4',8000,'empty'),(2605,521,'Room 5',8000,'empty'),(2606,522,'Room 1',8000,'empty'),(2607,522,'Room 2',8000,'empty'),(2608,522,'Room 3',8000,'empty'),(2609,522,'Room 4',8000,'empty'),(2610,522,'Room 5',8000,'empty'),(2611,523,'Room 1',8000,'empty'),(2612,523,'Room 2',8000,'empty'),(2613,523,'Room 3',8000,'empty'),(2614,523,'Room 4',8000,'empty'),(2615,523,'Room 5',8000,'empty'),(2616,524,'Room 1',8000,'empty'),(2617,524,'Room 2',8000,'empty'),(2618,524,'Room 3',8000,'empty'),(2619,524,'Room 4',8000,'empty'),(2620,524,'Room 5',8000,'empty'),(2621,525,'Room 1',8000,'empty'),(2622,525,'Room 2',8000,'empty'),(2623,525,'Room 3',8000,'empty'),(2624,525,'Room 4',8000,'empty'),(2625,525,'Room 5',8000,'empty'),(2626,526,'Room 1',8000,'empty'),(2627,526,'Room 2',8000,'empty'),(2628,526,'Room 3',8000,'empty'),(2629,526,'Room 4',8000,'empty'),(2630,526,'Room 5',8000,'empty'),(2631,527,'Room 1',8000,'empty'),(2632,527,'Room 2',8000,'empty'),(2633,527,'Room 3',8000,'empty'),(2634,527,'Room 4',8000,'empty'),(2635,527,'Room 5',8000,'empty'),(2636,528,'Room 1',8000,'empty'),(2637,528,'Room 2',8000,'empty'),(2638,528,'Room 3',8000,'empty'),(2639,528,'Room 4',8000,'empty'),(2640,528,'Room 5',8000,'empty'),(2641,529,'Room 1',8000,'empty'),(2642,529,'Room 2',8000,'empty'),(2643,529,'Room 3',8000,'empty'),(2644,529,'Room 4',8000,'empty'),(2645,529,'Room 5',8000,'empty'),(2646,530,'Room 1',8000,'empty'),(2647,530,'Room 2',8000,'empty'),(2648,530,'Room 3',8000,'empty'),(2649,530,'Room 4',8000,'empty'),(2650,530,'Room 5',8000,'empty'),(2651,531,'Room 1',8000,'empty'),(2652,531,'Room 2',8000,'empty'),(2653,531,'Room 3',8000,'empty'),(2654,531,'Room 4',8000,'empty'),(2655,531,'Room 5',8000,'empty'),(2656,532,'Room 1',8000,'empty'),(2657,532,'Room 2',8000,'empty'),(2658,532,'Room 3',8000,'empty'),(2659,532,'Room 4',8000,'empty'),(2660,532,'Room 5',8000,'empty'),(2661,533,'Room 1',8000,'empty'),(2662,533,'Room 2',8000,'empty'),(2663,533,'Room 3',8000,'empty'),(2664,533,'Room 4',8000,'empty'),(2665,533,'Room 5',8000,'empty'),(2666,534,'Room 1',8000,'empty'),(2667,534,'Room 2',8000,'empty'),(2668,534,'Room 3',8000,'empty'),(2669,534,'Room 4',8000,'empty'),(2670,534,'Room 5',8000,'empty'),(2671,535,'Room 1',8000,'empty'),(2672,535,'Room 2',8000,'empty'),(2673,535,'Room 3',8000,'empty'),(2674,535,'Room 4',8000,'empty'),(2675,535,'Room 5',8000,'empty'),(2676,536,'Room 1',8000,'empty'),(2677,536,'Room 2',8000,'empty'),(2678,536,'Room 3',8000,'empty'),(2679,536,'Room 4',8000,'empty'),(2680,536,'Room 5',8000,'empty'),(2681,537,'Room 1',8000,'empty'),(2682,537,'Room 2',8000,'empty'),(2683,537,'Room 3',8000,'empty'),(2684,537,'Room 4',8000,'empty'),(2685,537,'Room 5',8000,'empty'),(2686,538,'Room 1',8000,'empty'),(2687,538,'Room 2',8000,'empty'),(2688,538,'Room 3',8000,'empty'),(2689,538,'Room 4',8000,'empty'),(2690,538,'Room 5',8000,'empty'),(2691,539,'Room 1',8000,'empty'),(2692,539,'Room 2',8000,'empty'),(2693,539,'Room 3',8000,'empty'),(2694,539,'Room 4',8000,'empty'),(2695,539,'Room 5',8000,'empty'),(2696,540,'Room 1',8000,'empty'),(2697,540,'Room 2',8000,'empty'),(2698,540,'Room 3',8000,'empty'),(2699,540,'Room 4',8000,'empty'),(2700,540,'Room 5',8000,'empty');

/*Table structure for table `user` */

DROP TABLE IF EXISTS `user`;

CREATE TABLE `user` (
  `user_id` int(10) NOT NULL AUTO_INCREMENT,
  `matric_no` varchar(20) DEFAULT NULL,
  `fname` varchar(50) DEFAULT NULL,
  `lname` varchar(50) DEFAULT NULL,
  `address` varchar(255) DEFAULT NULL,
  `password` text DEFAULT NULL,
  `email` varchar(50) DEFAULT NULL,
  `phoneno` varchar(12) DEFAULT NULL,
  `faculty` varchar(20) DEFAULT NULL,
  `type` varchar(20) DEFAULT NULL,
  PRIMARY KEY (`user_id`)
) ENGINE=InnoDB AUTO_INCREMENT=3 DEFAULT CHARSET=latin1;

/*Data for the table `user` */

insert  into `user`(`user_id`,`matric_no`,`fname`,`lname`,`address`,`password`,`email`,`phoneno`,`faculty`,`type`) values (1,'admin','admin','admin',NULL,'*667F407DE7C6AD07358FA38DAED7828A72014B4E',NULL,NULL,NULL,'admin'),(2,'b1','abc1111','efg','','*667F407DE7C6AD07358FA38DAED7828A72014B4E','abc@gmail.com','0123456789','FTMK','user');

/*!40101 SET SQL_MODE=@OLD_SQL_MODE */;
/*!40014 SET FOREIGN_KEY_CHECKS=@OLD_FOREIGN_KEY_CHECKS */;
/*!40014 SET UNIQUE_CHECKS=@OLD_UNIQUE_CHECKS */;
/*!40111 SET SQL_NOTES=@OLD_SQL_NOTES */;
