/*
SQLyog Ultimate v10.42 
MySQL - 5.5.5-10.4.6-MariaDB : Database - hms
*********************************************************************
*/

/*!40101 SET NAMES utf8 */;

/*!40101 SET SQL_MODE=''*/;

/*!40014 SET @OLD_UNIQUE_CHECKS=@@UNIQUE_CHECKS, UNIQUE_CHECKS=0 */;
/*!40014 SET @OLD_FOREIGN_KEY_CHECKS=@@FOREIGN_KEY_CHECKS, FOREIGN_KEY_CHECKS=0 */;
/*!40101 SET @OLD_SQL_MODE=@@SQL_MODE, SQL_MODE='NO_AUTO_VALUE_ON_ZERO' */;
/*!40111 SET @OLD_SQL_NOTES=@@SQL_NOTES, SQL_NOTES=0 */;
CREATE DATABASE /*!32312 IF NOT EXISTS*/`hms` /*!40100 DEFAULT CHARACTER SET latin1 */;

USE `hms`;

/*Table structure for table `block` */

DROP TABLE IF EXISTS `block`;

CREATE TABLE `block` (
  `block_id` int(10) NOT NULL AUTO_INCREMENT,
  `name` varchar(20) DEFAULT NULL,
  PRIMARY KEY (`block_id`)
) ENGINE=InnoDB AUTO_INCREMENT=6 DEFAULT CHARSET=latin1;

/*Data for the table `block` */

insert  into `block`(`block_id`,`name`) values (1,'TUAH'),(2,'LEKIR'),(3,'LEKIU'),(4,'KASTURI'),(5,'JEBAT');

/*Table structure for table `booking` */

DROP TABLE IF EXISTS `booking`;

CREATE TABLE `booking` (
  `b_id` int(10) NOT NULL AUTO_INCREMENT,
  `user_id` int(10) DEFAULT NULL,
  `room_id` int(10) DEFAULT NULL,
  `sdate` datetime DEFAULT NULL,
  `edate` datetime DEFAULT NULL,
  `status` varchar(20) DEFAULT NULL,
  PRIMARY KEY (`b_id`)
) ENGINE=InnoDB AUTO_INCREMENT=7 DEFAULT CHARSET=latin1;

/*Data for the table `booking` */

insert  into `booking`(`b_id`,`user_id`,`room_id`,`sdate`,`edate`,`status`) values (6,2,2,'0000-00-00 00:00:00','0000-00-00 00:00:00','booking');

/*Table structure for table `house` */

DROP TABLE IF EXISTS `house`;

CREATE TABLE `house` (
  `house_id` int(10) NOT NULL AUTO_INCREMENT,
  `level_id` int(10) DEFAULT NULL,
  `name` varchar(20) DEFAULT NULL,
  PRIMARY KEY (`house_id`)
) ENGINE=InnoDB AUTO_INCREMENT=541 DEFAULT CHARSET=latin1;

/*Data for the table `house` */

insert  into `house`(`house_id`,`level_id`,`name`) values (1,1,'House 1'),(2,1,'House 2'),(3,1,'House 3'),(4,1,'House 4'),(5,1,'House 5'),(6,1,'House 6'),(7,1,'House 7'),(8,1,'House 8'),(9,1,'House 9'),(10,1,'House 10'),(11,1,'House 11'),(12,1,'House 12'),(13,2,'House 1'),(14,2,'House 2'),(15,2,'House 3'),(16,2,'House 4'),(17,2,'House 5'),(18,2,'House 6'),(19,2,'House 7'),(20,2,'House 8'),(21,2,'House 9'),(22,2,'House 10'),(23,2,'House 11'),(24,2,'House 12'),(25,3,'House 1'),(26,3,'House 2'),(27,3,'House 3'),(28,3,'House 4'),(29,3,'House 5'),(30,3,'House 6'),(31,3,'House 7'),(32,3,'House 8'),(33,3,'House 9'),(34,3,'House 10'),(35,3,'House 11'),(36,3,'House 12'),(37,4,'House 1'),(38,4,'House 2'),(39,4,'House 3'),(40,4,'House 4'),(41,4,'House 5'),(42,4,'House 6'),(43,4,'House 7'),(44,4,'House 8'),(45,4,'House 9'),(46,4,'House 10'),(47,4,'House 11'),(48,4,'House 12'),(49,5,'House 1'),(50,5,'House 2'),(51,5,'House 3'),(52,5,'House 4'),(53,5,'House 5'),(54,5,'House 6'),(55,5,'House 7'),(56,5,'House 8'),(57,5,'House 9'),(58,5,'House 10'),(59,5,'House 11'),(60,5,'House 12'),(61,6,'House 1'),(62,6,'House 2'),(63,6,'House 3'),(64,6,'House 4'),(65,6,'House 5'),(66,6,'House 6'),(67,6,'House 7'),(68,6,'House 8'),(69,6,'House 9'),(70,6,'House 10'),(71,6,'House 11'),(72,6,'House 12'),(73,7,'House 1'),(74,7,'House 2'),(75,7,'House 3'),(76,7,'House 4'),(77,7,'House 5'),(78,7,'House 6'),(79,7,'House 7'),(80,7,'House 8'),(81,7,'House 9'),(82,7,'House 10'),(83,7,'House 11'),(84,7,'House 12'),(85,8,'House 1'),(86,8,'House 2'),(87,8,'House 3'),(88,8,'House 4'),(89,8,'House 5'),(90,8,'House 6'),(91,8,'House 7'),(92,8,'House 8'),(93,8,'House 9'),(94,8,'House 10'),(95,8,'House 11'),(96,8,'House 12'),(97,9,'House 1'),(98,9,'House 2'),(99,9,'House 3'),(100,9,'House 4'),(101,9,'House 5'),(102,9,'House 6'),(103,9,'House 7'),(104,9,'House 8'),(105,9,'House 9'),(106,9,'House 10'),(107,9,'House 11'),(108,9,'House 12'),(109,10,'House 1'),(110,10,'House 2'),(111,10,'House 3'),(112,10,'House 4'),(113,10,'House 5'),(114,10,'House 6'),(115,10,'House 7'),(116,10,'House 8'),(117,10,'House 9'),(118,10,'House 10'),(119,10,'House 11'),(120,10,'House 12'),(121,11,'House 1'),(122,11,'House 2'),(123,11,'House 3'),(124,11,'House 4'),(125,11,'House 5'),(126,11,'House 6'),(127,11,'House 7'),(128,11,'House 8'),(129,11,'House 9'),(130,11,'House 10'),(131,11,'House 11'),(132,1,'House 12'),(133,12,'House 1'),(134,12,'House 2'),(135,12,'House 3'),(136,12,'House 4'),(137,12,'House 5'),(138,12,'House 6'),(139,12,'House 7'),(140,12,'House 8'),(141,12,'House 9'),(142,12,'House 10'),(143,12,'House 11'),(144,12,'House 12'),(145,13,'House 1'),(146,13,'House 2'),(147,13,'House 3'),(148,13,'House 4'),(149,13,'House 5'),(150,13,'House 6'),(151,13,'House 7'),(152,13,'House 8'),(153,13,'House 9'),(154,13,'House 10'),(155,13,'House 11'),(156,13,'House 12'),(157,14,'House 1'),(158,14,'House 2'),(159,14,'House 3'),(160,14,'House 4'),(161,14,'House 5'),(162,14,'House 6'),(163,14,'House 7'),(164,14,'House 8'),(165,14,'House 9'),(166,14,'House 10'),(167,14,'House 11'),(168,14,'House 12'),(169,15,'House 1'),(170,15,'House 2'),(171,15,'House 3'),(172,15,'House 4'),(173,15,'House 5'),(174,15,'House 6'),(175,15,'House 7'),(176,15,'House 8'),(177,15,'House 9'),(178,15,'House 10'),(179,15,'House 11'),(180,15,'House 12'),(181,16,'House 1'),(182,16,'House 2'),(183,16,'House 3'),(184,16,'House 4'),(185,16,'House 5'),(186,16,'House 6'),(187,16,'House 7'),(188,16,'House 8'),(189,16,'House 9'),(190,16,'House 10'),(191,16,'House 11'),(192,16,'House 12'),(193,17,'House 1'),(194,17,'House 2'),(195,17,'House 3'),(196,17,'House 4'),(197,17,'House 5'),(198,17,'House 6'),(199,17,'House 7'),(200,17,'House 8'),(201,17,'House 9'),(202,17,'House 10'),(203,17,'House 11'),(204,17,'House 12'),(205,18,'House 1'),(206,18,'House 2'),(207,18,'House 3'),(208,18,'House 4'),(209,18,'House 5'),(210,18,'House 6'),(211,18,'House 7'),(212,18,'House 8'),(213,18,'House 9'),(214,18,'House 10'),(215,18,'House 11'),(216,18,'House 12'),(217,19,'House 1'),(218,19,'House 2'),(219,19,'House 3'),(220,19,'House 4'),(221,19,'House 5'),(222,19,'House 6'),(223,19,'House 7'),(224,19,'House 8'),(225,19,'House 9'),(226,19,'House 10'),(227,19,'House 11'),(228,19,'House 12'),(229,20,'House 1'),(230,20,'House 2'),(231,20,'House 3'),(232,20,'House 4'),(233,20,'House 5'),(234,20,'House 6'),(235,20,'House 7'),(236,20,'House 8'),(237,20,'House 9'),(238,20,'House 10'),(239,20,'House 11'),(240,20,'House 12'),(241,21,'House 1'),(242,21,'House 2'),(243,21,'House 3'),(244,21,'House 4'),(245,21,'House 5'),(246,21,'House 6'),(247,21,'House 7'),(248,21,'House 8'),(249,21,'House 9'),(250,21,'House 10'),(251,21,'House 11'),(252,21,'House 12'),(253,22,'House 1'),(254,22,'House 2'),(255,22,'House 3'),(256,22,'House 4'),(257,22,'House 5'),(258,22,'House 6'),(259,22,'House 7'),(260,22,'House 8'),(261,22,'House 9'),(262,22,'House 10'),(263,22,'House 11'),(264,22,'House 12'),(265,23,'House 1'),(266,23,'House 2'),(267,23,'House 3'),(268,23,'House 4'),(269,23,'House 5'),(270,23,'House 6'),(271,23,'House 7'),(272,23,'House 8'),(273,23,'House 9'),(274,23,'House 10'),(275,23,'House 11'),(276,23,'House 12'),(277,24,'House 1'),(278,24,'House 2'),(279,24,'House 3'),(280,24,'House 4'),(281,24,'House 5'),(282,24,'House 6'),(283,24,'House 7'),(284,24,'House 8'),(285,24,'House 9'),(286,24,'House 10'),(287,24,'House 11'),(288,24,'House 12'),(289,25,'House 1'),(290,25,'House 2'),(291,25,'House 3'),(292,25,'House 4'),(293,25,'House 5'),(294,25,'House 6'),(295,25,'House 7'),(296,25,'House 8'),(297,25,'House 9'),(298,25,'House 10'),(299,25,'House 11'),(300,25,'House 12'),(301,26,'House 1'),(302,26,'House 2'),(303,26,'House 3'),(304,26,'House 4'),(305,26,'House 5'),(306,26,'House 6'),(307,26,'House 7'),(308,26,'House 8'),(309,26,'House 9'),(310,26,'House 10'),(311,26,'House 11'),(312,26,'House 12'),(313,27,'House 1'),(314,27,'House 2'),(315,27,'House 3'),(316,27,'House 4'),(317,27,'House 5'),(318,27,'House 6'),(319,27,'House 7'),(320,27,'House 8'),(321,27,'House 9'),(322,27,'House 10'),(323,27,'House 11'),(324,27,'House 12'),(325,28,'House 1'),(326,28,'House 2'),(327,28,'House 3'),(328,28,'House 4'),(329,28,'House 5'),(330,28,'House 6'),(331,28,'House 7'),(332,28,'House 8'),(333,28,'House 9'),(334,28,'House 10'),(335,28,'House 11'),(336,28,'House 12'),(337,29,'House 1'),(338,29,'House 2'),(339,29,'House 3'),(340,29,'House 4'),(341,29,'House 5'),(342,29,'House 6'),(343,29,'House 7'),(344,29,'House 8'),(345,29,'House 9'),(346,29,'House 10'),(347,29,'House 11'),(348,29,'House 12'),(349,30,'House 1'),(350,30,'House 2'),(351,30,'House 3'),(352,30,'House 4'),(353,30,'House 5'),(354,30,'House 6'),(355,30,'House 7'),(356,30,'House 8'),(357,30,'House 9'),(358,30,'House 10'),(359,30,'House 11'),(360,30,'House 12'),(361,31,'House 1'),(362,31,'House 2'),(363,31,'House 3'),(364,31,'House 4'),(365,31,'House 5'),(366,31,'House 6'),(367,31,'House 7'),(368,31,'House 8'),(369,31,'House 9'),(370,31,'House 10'),(371,31,'House 11'),(372,31,'House 12'),(373,32,'House 1'),(374,32,'House 2'),(375,32,'House 3'),(376,32,'House 4'),(377,32,'House 5'),(378,32,'House 6'),(379,32,'House 7'),(380,32,'House 8'),(381,32,'House 9'),(382,32,'House 10'),(383,32,'House 11'),(384,32,'House 12'),(385,33,'House 1'),(386,33,'House 2'),(387,33,'House 3'),(388,33,'House 4'),(389,33,'House 5'),(390,33,'House 6'),(391,33,'House 7'),(392,33,'House 8'),(393,33,'House 9'),(394,33,'House 10'),(395,33,'House 11'),(396,33,'House 12'),(397,34,'House 1'),(398,34,'House 2'),(399,34,'House 3'),(400,34,'House 4'),(401,34,'House 5'),(402,34,'House 6'),(403,34,'House 7'),(404,34,'House 8'),(405,34,'House 9'),(406,34,'House 10'),(407,34,'House 11'),(408,34,'House 12'),(409,35,'House 1'),(410,35,'House 2'),(411,35,'House 3'),(412,35,'House 4'),(413,35,'House 5'),(414,35,'House 6'),(415,35,'House 7'),(416,35,'House 8'),(417,35,'House 9'),(418,35,'House 10'),(419,35,'House 11'),(420,35,'House 12'),(421,36,'House 1'),(422,36,'House 2'),(423,36,'House 3'),(424,36,'House 4'),(425,36,'House 5'),(426,36,'House 6'),(427,36,'House 7'),(428,36,'House 8'),(429,36,'House 9'),(430,36,'House 10'),(431,36,'House 11'),(432,36,'House 12'),(433,37,'House 1'),(434,37,'House 2'),(435,37,'House 3'),(436,37,'House 4'),(437,37,'House 5'),(438,37,'House 6'),(439,37,'House 7'),(440,37,'House 8'),(441,37,'House 9'),(442,37,'House 10'),(443,37,'House 11'),(444,37,'House 12'),(445,38,'House 1'),(446,38,'House 2'),(447,38,'House 3'),(448,38,'House 4'),(449,38,'House 5'),(450,38,'House 6'),(451,38,'House 7'),(452,38,'House 8'),(453,38,'House 9'),(454,38,'House 10'),(455,38,'House 11'),(456,38,'House 12'),(457,39,'House 1'),(458,39,'House 2'),(459,39,'House 3'),(460,39,'House 4'),(461,39,'House 5'),(462,39,'House 6'),(463,39,'House 7'),(464,39,'House 8'),(465,39,'House 9'),(466,39,'House 10'),(467,39,'House 11'),(468,39,'House 12'),(469,40,'House 1'),(470,40,'House 2'),(471,40,'House 3'),(472,40,'House 4'),(473,40,'House 5'),(474,40,'House 6'),(475,40,'House 7'),(476,40,'House 8'),(477,40,'House 9'),(478,40,'House 10'),(479,40,'House 11'),(480,40,'House 12'),(481,41,'House 1'),(482,41,'House 2'),(483,41,'House 3'),(484,41,'House 4'),(485,41,'House 5'),(486,41,'House 6'),(487,41,'House 7'),(488,41,'House 8'),(489,41,'House 9'),(490,41,'House 10'),(491,41,'House 11'),(492,41,'House 12'),(493,42,'House 1'),(494,42,'House 2'),(495,42,'House 3'),(496,42,'House 4'),(497,42,'House 5'),(498,42,'House 6'),(499,42,'House 7'),(500,42,'House 8'),(501,42,'House 9'),(502,42,'House 10'),(503,42,'House 11'),(504,42,'House 12'),(505,43,'House 1'),(506,43,'House 2'),(507,43,'House 3'),(508,43,'House 4'),(509,43,'House 5'),(510,43,'House 6'),(511,43,'House 7'),(512,43,'House 8'),(513,43,'House 9'),(514,43,'House 10'),(515,43,'House 11'),(516,43,'House 12'),(517,44,'House 1'),(518,44,'House 2'),(519,44,'House 3'),(520,44,'House 4'),(521,44,'House 5'),(522,44,'House 6'),(523,44,'House 7'),(524,44,'House 8'),(525,44,'House 9'),(526,44,'House 10'),(527,44,'House 11'),(528,44,'House 12'),(529,45,'House 1'),(530,45,'House 2'),(531,45,'House 3'),(532,45,'House 4'),(533,45,'House 5'),(534,45,'House 6'),(535,45,'House 7'),(536,45,'House 8'),(537,45,'House 9'),(538,45,'House 10'),(539,45,'House 11'),(540,45,'House 12');

/*Table structure for table `level` */

DROP TABLE IF EXISTS `level`;

CREATE TABLE `level` (
  `level_id` int(10) NOT NULL AUTO_INCREMENT,
  `block_id` int(10) DEFAULT NULL,
  `name` varchar(20) DEFAULT NULL,
  PRIMARY KEY (`level_id`)
) ENGINE=InnoDB AUTO_INCREMENT=46 DEFAULT CHARSET=latin1;

/*Data for the table `level` */

insert  into `level`(`level_id`,`block_id`,`name`) values (1,1,'Aras 1'),(2,1,'Aras 2'),(3,1,'Aras 3'),(4,1,'Aras 4'),(5,1,'Aras 5'),(6,1,'Aras 6'),(7,1,'Aras 7'),(8,1,'Aras 8'),(9,1,'Aras 9'),(10,2,'Aras 1'),(11,2,'Aras 2'),(12,2,'Aras 3'),(13,2,'Aras 4'),(14,2,'Aras 5'),(15,2,'Aras 6'),(16,2,'Aras 7'),(17,2,'Aras 8'),(18,2,'Aras 9'),(19,3,'Aras 1'),(20,3,'Aras 2'),(21,3,'Aras 3'),(22,3,'Aras 4'),(23,3,'Aras 5'),(24,3,'Aras 6'),(25,3,'Aras 7'),(26,3,'Aras 8'),(27,3,'Aras 9'),(28,4,'Aras 1'),(29,4,'Aras 2'),(30,4,'Aras 3'),(31,4,'Aras 4'),(32,4,'Aras 5'),(33,4,'Aras 6'),(34,4,'Aras 7'),(35,4,'Aras 8'),(36,4,'Aras 9'),(37,5,'Aras 1'),(38,5,'Aras 2'),(39,5,'Aras 3'),(40,5,'Aras 4'),(41,5,'Aras 5'),(42,5,'Aras 6'),(43,5,'Aras 7'),(44,5,'Aras 8'),(45,5,'Aras 9');

/*Table structure for table `room` */

DROP TABLE IF EXISTS `room`;

CREATE TABLE `room` (
  `room_id` int(10) NOT NULL AUTO_INCREMENT,
  `house_id` int(10) DEFAULT NULL,
  `name` varchar(20) DEFAULT NULL,
  `price` int(10) DEFAULT NULL,
  `stat` varchar(10) DEFAULT NULL,
  `password` varchar(20) DEFAULT NULL,
  PRIMARY KEY (`room_id`)
) ENGINE=InnoDB AUTO_INCREMENT=2701 DEFAULT CHARSET=latin1;

/*Data for the table `room` */

insert  into `room`(`room_id`,`house_id`,`name`,`price`,`stat`,`password`) values (1,1,'Room 1',8000,'approved','123abc'),(2,1,'Room 2',8000,'approved','asdasdasd'),(3,1,'Room 3',8000,'empty',NULL),(4,1,'Room 4',8000,'empty',NULL),(5,1,'Room 5',8000,'empty',NULL),(6,2,'Room 1',8000,'empty',NULL),(7,2,'Room 2',8000,'empty',NULL),(8,2,'Room 3',8000,'empty',NULL),(9,2,'Room 4',8000,'empty',NULL),(10,2,'Room 5',8000,'empty',NULL),(11,3,'Room 1',8000,'empty',NULL),(12,3,'Room 2',8000,'empty',NULL),(13,3,'Room 3',8000,'empty',NULL),(14,3,'Room 4',8000,'empty',NULL),(15,3,'Room 5',8000,'empty',NULL),(16,4,'Room 1',8000,'empty',NULL),(17,4,'Room 2',8000,'empty',NULL),(18,4,'Room 3',8000,'empty',NULL),(19,4,'Room 4',8000,'empty',NULL),(20,4,'Room 5',8000,'empty',NULL),(21,5,'Room 1',8000,'empty',NULL),(22,5,'Room 2',8000,'empty',NULL),(23,5,'Room 3',8000,'empty',NULL),(24,5,'Room 4',8000,'empty',NULL),(25,5,'Room 5',8000,'empty',NULL),(26,6,'Room 1',8000,'empty',NULL),(27,6,'Room 2',8000,'empty',NULL),(28,6,'Room 3',8000,'empty',NULL),(29,6,'Room 4',8000,'empty',NULL),(30,6,'Room 5',8000,'empty',NULL),(31,7,'Room 1',8000,'empty',NULL),(32,7,'Room 2',8000,'empty',NULL),(33,7,'Room 3',8000,'empty',NULL),(34,7,'Room 4',8000,'empty',NULL),(35,7,'Room 5',8000,'empty',NULL),(36,8,'Room 1',8000,'empty',NULL),(37,8,'Room 2',8000,'empty',NULL),(38,8,'Room 3',8000,'empty',NULL),(39,8,'Room 4',8000,'empty',NULL),(40,8,'Room 5',8000,'empty',NULL),(41,9,'Room 1',8000,'empty',NULL),(42,9,'Room 2',8000,'empty',NULL),(43,9,'Room 3',8000,'empty',NULL),(44,9,'Room 4',8000,'empty',NULL),(45,9,'Room 5',8000,'empty',NULL),(46,10,'Room 1',8000,'empty',NULL),(47,10,'Room 2',8000,'empty',NULL),(48,10,'Room 3',8000,'empty',NULL),(49,10,'Room 4',8000,'empty',NULL),(50,10,'Room 5',8000,'empty',NULL),(51,11,'Room 1',8000,'empty',NULL),(52,11,'Room 2',8000,'empty',NULL),(53,11,'Room 3',8000,'empty',NULL),(54,11,'Room 4',8000,'empty',NULL),(55,11,'Room 5',8000,'empty',NULL),(56,12,'Room 1',8000,'empty',NULL),(57,12,'Room 2',8000,'empty',NULL),(58,12,'Room 3',8000,'empty',NULL),(59,12,'Room 4',8000,'empty',NULL),(60,12,'Room 5',8000,'empty',NULL),(61,13,'Room 1',8000,'empty',NULL),(62,13,'Room 2',8000,'empty',NULL),(63,13,'Room 3',8000,'empty',NULL),(64,13,'Room 4',8000,'empty',NULL),(65,13,'Room 5',8000,'empty',NULL),(66,14,'Room 1',8000,'empty',NULL),(67,14,'Room 2',8000,'empty',NULL),(68,14,'Room 3',8000,'empty',NULL),(69,14,'Room 4',8000,'empty',NULL),(70,14,'Room 5',8000,'empty',NULL),(71,15,'Room 1',8000,'empty',NULL),(72,15,'Room 2',8000,'empty',NULL),(73,15,'Room 3',8000,'empty',NULL),(74,15,'Room 4',8000,'empty',NULL),(75,15,'Room 5',8000,'empty',NULL),(76,16,'Room 1',8000,'empty',NULL),(77,16,'Room 2',8000,'empty',NULL),(78,16,'Room 3',8000,'empty',NULL),(79,16,'Room 4',8000,'empty',NULL),(80,16,'Room 5',8000,'empty',NULL),(81,17,'Room 1',8000,'empty',NULL),(82,17,'Room 2',8000,'empty',NULL),(83,17,'Room 3',8000,'empty',NULL),(84,17,'Room 4',8000,'empty',NULL),(85,17,'Room 5',8000,'empty',NULL),(86,18,'Room 1',8000,'empty',NULL),(87,18,'Room 2',8000,'empty',NULL),(88,18,'Room 3',8000,'empty',NULL),(89,18,'Room 4',8000,'empty',NULL),(90,18,'Room 5',8000,'empty',NULL),(91,19,'Room 1',8000,'empty',NULL),(92,19,'Room 2',8000,'empty',NULL),(93,19,'Room 3',8000,'empty',NULL),(94,19,'Room 4',8000,'empty',NULL),(95,19,'Room 5',8000,'empty',NULL),(96,20,'Room 1',8000,'empty',NULL),(97,20,'Room 2',8000,'empty',NULL),(98,20,'Room 3',8000,'empty',NULL),(99,20,'Room 4',8000,'empty',NULL),(100,20,'Room 5',8000,'empty',NULL),(101,21,'Room 1',8000,'empty',NULL),(102,21,'Room 2',8000,'empty',NULL),(103,21,'Room 3',8000,'empty',NULL),(104,21,'Room 4',8000,'empty',NULL),(105,21,'Room 5',8000,'empty',NULL),(106,22,'Room 1',8000,'empty',NULL),(107,22,'Room 2',8000,'empty',NULL),(108,22,'Room 3',8000,'empty',NULL),(109,22,'Room 4',8000,'empty',NULL),(110,22,'Room 5',8000,'empty',NULL),(111,23,'Room 1',8000,'empty',NULL),(112,23,'Room 2',8000,'empty',NULL),(113,23,'Room 3',8000,'empty',NULL),(114,23,'Room 4',8000,'empty',NULL),(115,23,'Room 5',8000,'empty',NULL),(116,24,'Room 1',8000,'empty',NULL),(117,24,'Room 2',8000,'empty',NULL),(118,24,'Room 3',8000,'empty',NULL),(119,24,'Room 4',8000,'empty',NULL),(120,24,'Room 5',8000,'empty',NULL),(121,25,'Room 1',8000,'empty',NULL),(122,25,'Room 2',8000,'empty',NULL),(123,25,'Room 3',8000,'empty',NULL),(124,25,'Room 4',8000,'empty',NULL),(125,25,'Room 5',8000,'empty',NULL),(126,26,'Room 1',8000,'empty',NULL),(127,26,'Room 2',8000,'empty',NULL),(128,26,'Room 3',8000,'empty',NULL),(129,26,'Room 4',8000,'empty',NULL),(130,26,'Room 5',8000,'empty',NULL),(131,27,'Room 1',8000,'empty',NULL),(132,27,'Room 2',8000,'empty',NULL),(133,27,'Room 3',8000,'empty',NULL),(134,27,'Room 4',8000,'empty',NULL),(135,27,'Room 5',8000,'empty',NULL),(136,28,'Room 1',8000,'empty',NULL),(137,28,'Room 2',8000,'empty',NULL),(138,28,'Room 3',8000,'empty',NULL),(139,28,'Room 4',8000,'empty',NULL),(140,28,'Room 5',8000,'empty',NULL),(141,29,'Room 1',8000,'empty',NULL),(142,29,'Room 2',8000,'empty',NULL),(143,29,'Room 3',8000,'empty',NULL),(144,29,'Room 4',8000,'empty',NULL),(145,29,'Room 5',8000,'empty',NULL),(146,30,'Room 1',8000,'empty',NULL),(147,30,'Room 2',8000,'empty',NULL),(148,30,'Room 3',8000,'empty',NULL),(149,30,'Room 4',8000,'empty',NULL),(150,30,'Room 5',8000,'empty',NULL),(151,31,'Room 1',8000,'empty',NULL),(152,31,'Room 2',8000,'empty',NULL),(153,31,'Room 3',8000,'empty',NULL),(154,31,'Room 4',8000,'empty',NULL),(155,31,'Room 5',8000,'empty',NULL),(156,32,'Room 1',8000,'empty',NULL),(157,32,'Room 2',8000,'empty',NULL),(158,32,'Room 3',8000,'empty',NULL),(159,32,'Room 4',8000,'empty',NULL),(160,32,'Room 5',8000,'empty',NULL),(161,33,'Room 1',8000,'empty',NULL),(162,33,'Room 2',8000,'empty',NULL),(163,33,'Room 3',8000,'empty',NULL),(164,33,'Room 4',8000,'empty',NULL),(165,33,'Room 5',8000,'empty',NULL),(166,34,'Room 1',8000,'empty',NULL),(167,34,'Room 2',8000,'empty',NULL),(168,34,'Room 3',8000,'empty',NULL),(169,34,'Room 4',8000,'empty',NULL),(170,34,'Room 5',8000,'empty',NULL),(171,35,'Room 1',8000,'empty',NULL),(172,35,'Room 2',8000,'empty',NULL),(173,35,'Room 3',8000,'empty',NULL),(174,35,'Room 4',8000,'empty',NULL),(175,35,'Room 5',8000,'empty',NULL),(176,36,'Room 1',8000,'empty',NULL),(177,36,'Room 2',8000,'empty',NULL),(178,36,'Room 3',8000,'empty',NULL),(179,36,'Room 4',8000,'empty',NULL),(180,36,'Room 5',8000,'empty',NULL),(181,37,'Room 1',8000,'empty',NULL),(182,37,'Room 2',8000,'empty',NULL),(183,37,'Room 3',8000,'empty',NULL),(184,37,'Room 4',8000,'empty',NULL),(185,37,'Room 5',8000,'empty',NULL),(186,38,'Room 1',8000,'empty',NULL),(187,38,'Room 2',8000,'empty',NULL),(188,38,'Room 3',8000,'empty',NULL),(189,38,'Room 4',8000,'empty',NULL),(190,38,'Room 5',8000,'empty',NULL),(191,39,'Room 1',8000,'empty',NULL),(192,39,'Room 2',8000,'empty',NULL),(193,39,'Room 3',8000,'empty',NULL),(194,39,'Room 4',8000,'empty',NULL),(195,39,'Room 5',8000,'empty',NULL),(196,40,'Room 1',8000,'empty',NULL),(197,40,'Room 2',8000,'empty',NULL),(198,40,'Room 3',8000,'empty',NULL),(199,40,'Room 4',8000,'empty',NULL),(200,40,'Room 5',8000,'empty',NULL),(201,41,'Room 1',8000,'empty',NULL),(202,41,'Room 2',8000,'empty',NULL),(203,41,'Room 3',8000,'empty',NULL),(204,41,'Room 4',8000,'empty',NULL),(205,41,'Room 5',8000,'empty',NULL),(206,42,'Room 1',8000,'empty',NULL),(207,42,'Room 2',8000,'empty',NULL),(208,42,'Room 3',8000,'empty',NULL),(209,42,'Room 4',8000,'empty',NULL),(210,42,'Room 5',8000,'empty',NULL),(211,43,'Room 1',8000,'empty',NULL),(212,43,'Room 2',8000,'empty',NULL),(213,43,'Room 3',8000,'empty',NULL),(214,43,'Room 4',8000,'empty',NULL),(215,43,'Room 5',8000,'empty',NULL),(216,44,'Room 1',8000,'empty',NULL),(217,44,'Room 2',8000,'empty',NULL),(218,44,'Room 3',8000,'empty',NULL),(219,44,'Room 4',8000,'empty',NULL),(220,44,'Room 5',8000,'empty',NULL),(221,45,'Room 1',8000,'empty',NULL),(222,45,'Room 2',8000,'empty',NULL),(223,45,'Room 3',8000,'empty',NULL),(224,45,'Room 4',8000,'empty',NULL),(225,45,'Room 5',8000,'empty',NULL),(226,46,'Room 1',8000,'empty',NULL),(227,46,'Room 2',8000,'empty',NULL),(228,46,'Room 3',8000,'empty',NULL),(229,46,'Room 4',8000,'empty',NULL),(230,46,'Room 5',8000,'empty',NULL),(231,47,'Room 1',8000,'empty',NULL),(232,47,'Room 2',8000,'empty',NULL),(233,47,'Room 3',8000,'empty',NULL),(234,47,'Room 4',8000,'empty',NULL),(235,47,'Room 5',8000,'empty',NULL),(236,48,'Room 1',8000,'empty',NULL),(237,48,'Room 2',8000,'empty',NULL),(238,48,'Room 3',8000,'empty',NULL),(239,48,'Room 4',8000,'empty',NULL),(240,48,'Room 5',8000,'empty',NULL),(241,49,'Room 1',8000,'empty',NULL),(242,49,'Room 2',8000,'empty',NULL),(243,49,'Room 3',8000,'empty',NULL),(244,49,'Room 4',8000,'empty',NULL),(245,49,'Room 5',8000,'empty',NULL),(246,50,'Room 1',8000,'empty',NULL),(247,50,'Room 2',8000,'empty',NULL),(248,50,'Room 3',8000,'empty',NULL),(249,50,'Room 4',8000,'empty',NULL),(250,50,'Room 5',8000,'empty',NULL),(251,51,'Room 1',8000,'empty',NULL),(252,51,'Room 2',8000,'empty',NULL),(253,51,'Room 3',8000,'empty',NULL),(254,51,'Room 4',8000,'empty',NULL),(255,51,'Room 5',8000,'empty',NULL),(256,52,'Room 1',8000,'empty',NULL),(257,52,'Room 2',8000,'empty',NULL),(258,52,'Room 3',8000,'empty',NULL),(259,52,'Room 4',8000,'empty',NULL),(260,52,'Room 5',8000,'empty',NULL),(261,53,'Room 1',8000,'empty',NULL),(262,53,'Room 2',8000,'empty',NULL),(263,53,'Room 3',8000,'empty',NULL),(264,53,'Room 4',8000,'empty',NULL),(265,53,'Room 5',8000,'empty',NULL),(266,54,'Room 1',8000,'empty',NULL),(267,54,'Room 2',8000,'empty',NULL),(268,54,'Room 3',8000,'empty',NULL),(269,54,'Room 4',8000,'empty',NULL),(270,54,'Room 5',8000,'empty',NULL),(271,55,'Room 1',8000,'empty',NULL),(272,55,'Room 2',8000,'empty',NULL),(273,55,'Room 3',8000,'empty',NULL),(274,55,'Room 4',8000,'empty',NULL),(275,55,'Room 5',8000,'empty',NULL),(276,56,'Room 1',8000,'empty',NULL),(277,56,'Room 2',8000,'empty',NULL),(278,56,'Room 3',8000,'empty',NULL),(279,56,'Room 4',8000,'empty',NULL),(280,56,'Room 5',8000,'empty',NULL),(281,57,'Room 1',8000,'empty',NULL),(282,57,'Room 2',8000,'empty',NULL),(283,57,'Room 3',8000,'empty',NULL),(284,57,'Room 4',8000,'empty',NULL),(285,57,'Room 5',8000,'empty',NULL),(286,58,'Room 1',8000,'empty',NULL),(287,58,'Room 2',8000,'empty',NULL),(288,58,'Room 3',8000,'empty',NULL),(289,58,'Room 4',8000,'empty',NULL),(290,58,'Room 5',8000,'empty',NULL),(291,59,'Room 1',8000,'empty',NULL),(292,59,'Room 2',8000,'empty',NULL),(293,59,'Room 3',8000,'empty',NULL),(294,59,'Room 4',8000,'empty',NULL),(295,59,'Room 5',8000,'empty',NULL),(296,60,'Room 1',8000,'empty',NULL),(297,60,'Room 2',8000,'empty',NULL),(298,60,'Room 3',8000,'empty',NULL),(299,60,'Room 4',8000,'empty',NULL),(300,60,'Room 5',8000,'empty',NULL),(301,61,'Room 1',8000,'empty',NULL),(302,61,'Room 2',8000,'empty',NULL),(303,61,'Room 3',8000,'empty',NULL),(304,61,'Room 4',8000,'empty',NULL),(305,61,'Room 5',8000,'empty',NULL),(306,62,'Room 1',8000,'empty',NULL),(307,62,'Room 2',8000,'empty',NULL),(308,62,'Room 3',8000,'empty',NULL),(309,62,'Room 4',8000,'empty',NULL),(310,62,'Room 5',8000,'empty',NULL),(311,63,'Room 1',8000,'empty',NULL),(312,63,'Room 2',8000,'empty',NULL),(313,63,'Room 3',8000,'empty',NULL),(314,63,'Room 4',8000,'empty',NULL),(315,63,'Room 5',8000,'empty',NULL),(316,64,'Room 1',8000,'empty',NULL),(317,64,'Room 2',8000,'empty',NULL),(318,64,'Room 3',8000,'empty',NULL),(319,64,'Room 4',8000,'empty',NULL),(320,64,'Room 5',8000,'empty',NULL),(321,65,'Room 1',8000,'empty',NULL),(322,65,'Room 2',8000,'empty',NULL),(323,65,'Room 3',8000,'empty',NULL),(324,65,'Room 4',8000,'empty',NULL),(325,65,'Room 5',8000,'empty',NULL),(326,66,'Room 1',8000,'empty',NULL),(327,66,'Room 2',8000,'empty',NULL),(328,66,'Room 3',8000,'empty',NULL),(329,66,'Room 4',8000,'empty',NULL),(330,66,'Room 5',8000,'empty',NULL),(331,67,'Room 1',8000,'empty',NULL),(332,67,'Room 2',8000,'empty',NULL),(333,67,'Room 3',8000,'empty',NULL),(334,67,'Room 4',8000,'empty',NULL),(335,67,'Room 5',8000,'empty',NULL),(336,68,'Room 1',8000,'empty',NULL),(337,68,'Room 2',8000,'empty',NULL),(338,68,'Room 3',8000,'empty',NULL),(339,68,'Room 4',8000,'empty',NULL),(340,68,'Room 5',8000,'empty',NULL),(341,69,'Room 1',8000,'empty',NULL),(342,69,'Room 2',8000,'empty',NULL),(343,69,'Room 3',8000,'empty',NULL),(344,69,'Room 4',8000,'empty',NULL),(345,69,'Room 5',8000,'empty',NULL),(346,70,'Room 1',8000,'empty',NULL),(347,70,'Room 2',8000,'empty',NULL),(348,70,'Room 3',8000,'empty',NULL),(349,70,'Room 4',8000,'empty',NULL),(350,70,'Room 5',8000,'empty',NULL),(351,71,'Room 1',8000,'empty',NULL),(352,71,'Room 2',8000,'empty',NULL),(353,71,'Room 3',8000,'empty',NULL),(354,71,'Room 4',8000,'empty',NULL),(355,71,'Room 5',8000,'empty',NULL),(356,72,'Room 1',8000,'empty',NULL),(357,72,'Room 2',8000,'empty',NULL),(358,72,'Room 3',8000,'empty',NULL),(359,72,'Room 4',8000,'empty',NULL),(360,72,'Room 5',8000,'empty',NULL),(361,73,'Room 1',8000,'empty',NULL),(362,73,'Room 2',8000,'empty',NULL),(363,73,'Room 3',8000,'empty',NULL),(364,73,'Room 4',8000,'empty',NULL),(365,73,'Room 5',8000,'empty',NULL),(366,74,'Room 1',8000,'empty',NULL),(367,74,'Room 2',8000,'empty',NULL),(368,74,'Room 3',8000,'empty',NULL),(369,74,'Room 4',8000,'empty',NULL),(370,74,'Room 5',8000,'empty',NULL),(371,75,'Room 1',8000,'empty',NULL),(372,75,'Room 2',8000,'empty',NULL),(373,75,'Room 3',8000,'empty',NULL),(374,75,'Room 4',8000,'empty',NULL),(375,75,'Room 5',8000,'empty',NULL),(376,76,'Room 1',8000,'empty',NULL),(377,76,'Room 2',8000,'empty',NULL),(378,76,'Room 3',8000,'empty',NULL),(379,76,'Room 4',8000,'empty',NULL),(380,76,'Room 5',8000,'empty',NULL),(381,77,'Room 1',8000,'empty',NULL),(382,77,'Room 2',8000,'empty',NULL),(383,77,'Room 3',8000,'empty',NULL),(384,77,'Room 4',8000,'empty',NULL),(385,77,'Room 5',8000,'empty',NULL),(386,78,'Room 1',8000,'empty',NULL),(387,78,'Room 2',8000,'empty',NULL),(388,78,'Room 3',8000,'empty',NULL),(389,78,'Room 4',8000,'empty',NULL),(390,78,'Room 5',8000,'empty',NULL),(391,79,'Room 1',8000,'empty',NULL),(392,79,'Room 2',8000,'empty',NULL),(393,79,'Room 3',8000,'empty',NULL),(394,79,'Room 4',8000,'empty',NULL),(395,79,'Room 5',8000,'empty',NULL),(396,80,'Room 1',8000,'empty',NULL),(397,80,'Room 2',8000,'empty',NULL),(398,80,'Room 3',8000,'empty',NULL),(399,80,'Room 4',8000,'empty',NULL),(400,80,'Room 5',8000,'empty',NULL),(401,81,'Room 1',8000,'empty',NULL),(402,81,'Room 2',8000,'empty',NULL),(403,81,'Room 3',8000,'empty',NULL),(404,81,'Room 4',8000,'empty',NULL),(405,81,'Room 5',8000,'empty',NULL),(406,82,'Room 1',8000,'empty',NULL),(407,82,'Room 2',8000,'empty',NULL),(408,82,'Room 3',8000,'empty',NULL),(409,82,'Room 4',8000,'empty',NULL),(410,82,'Room 5',8000,'empty',NULL),(411,83,'Room 1',8000,'empty',NULL),(412,83,'Room 2',8000,'empty',NULL),(413,83,'Room 3',8000,'empty',NULL),(414,83,'Room 4',8000,'empty',NULL),(415,83,'Room 5',8000,'empty',NULL),(416,84,'Room 1',8000,'empty',NULL),(417,84,'Room 2',8000,'empty',NULL),(418,84,'Room 3',8000,'empty',NULL),(419,84,'Room 4',8000,'empty',NULL),(420,84,'Room 5',8000,'empty',NULL),(421,85,'Room 1',8000,'empty',NULL),(422,85,'Room 2',8000,'empty',NULL),(423,85,'Room 3',8000,'empty',NULL),(424,85,'Room 4',8000,'empty',NULL),(425,85,'Room 5',8000,'empty',NULL),(426,86,'Room 1',8000,'empty',NULL),(427,86,'Room 2',8000,'empty',NULL),(428,86,'Room 3',8000,'empty',NULL),(429,86,'Room 4',8000,'empty',NULL),(430,86,'Room 5',8000,'empty',NULL),(431,87,'Room 1',8000,'empty',NULL),(432,87,'Room 2',8000,'empty',NULL),(433,87,'Room 3',8000,'empty',NULL),(434,87,'Room 4',8000,'empty',NULL),(435,87,'Room 5',8000,'empty',NULL),(436,88,'Room 1',8000,'empty',NULL),(437,88,'Room 2',8000,'empty',NULL),(438,88,'Room 3',8000,'empty',NULL),(439,88,'Room 4',8000,'empty',NULL),(440,88,'Room 5',8000,'empty',NULL),(441,89,'Room 1',8000,'empty',NULL),(442,89,'Room 2',8000,'empty',NULL),(443,89,'Room 3',8000,'empty',NULL),(444,89,'Room 4',8000,'empty',NULL),(445,89,'Room 5',8000,'empty',NULL),(446,90,'Room 1',8000,'empty',NULL),(447,90,'Room 2',8000,'empty',NULL),(448,90,'Room 3',8000,'empty',NULL),(449,90,'Room 4',8000,'empty',NULL),(450,90,'Room 5',8000,'empty',NULL),(451,91,'Room 1',8000,'empty',NULL),(452,91,'Room 2',8000,'empty',NULL),(453,91,'Room 3',8000,'empty',NULL),(454,91,'Room 4',8000,'empty',NULL),(455,91,'Room 5',8000,'empty',NULL),(456,92,'Room 1',8000,'empty',NULL),(457,92,'Room 2',8000,'empty',NULL),(458,92,'Room 3',8000,'empty',NULL),(459,92,'Room 4',8000,'empty',NULL),(460,92,'Room 5',8000,'empty',NULL),(461,93,'Room 1',8000,'empty',NULL),(462,93,'Room 2',8000,'empty',NULL),(463,93,'Room 3',8000,'empty',NULL),(464,93,'Room 4',8000,'empty',NULL),(465,93,'Room 5',8000,'empty',NULL),(466,94,'Room 1',8000,'empty',NULL),(467,94,'Room 2',8000,'empty',NULL),(468,94,'Room 3',8000,'empty',NULL),(469,94,'Room 4',8000,'empty',NULL),(470,94,'Room 5',8000,'empty',NULL),(471,95,'Room 1',8000,'empty',NULL),(472,95,'Room 2',8000,'empty',NULL),(473,95,'Room 3',8000,'empty',NULL),(474,95,'Room 4',8000,'empty',NULL),(475,95,'Room 5',8000,'empty',NULL),(476,96,'Room 1',8000,'empty',NULL),(477,96,'Room 2',8000,'empty',NULL),(478,96,'Room 3',8000,'empty',NULL),(479,96,'Room 4',8000,'empty',NULL),(480,96,'Room 5',8000,'empty',NULL),(481,97,'Room 1',8000,'empty',NULL),(482,97,'Room 2',8000,'empty',NULL),(483,97,'Room 3',8000,'empty',NULL),(484,97,'Room 4',8000,'empty',NULL),(485,97,'Room 5',8000,'empty',NULL),(486,98,'Room 1',8000,'empty',NULL),(487,98,'Room 2',8000,'empty',NULL),(488,98,'Room 3',8000,'empty',NULL),(489,98,'Room 4',8000,'empty',NULL),(490,98,'Room 5',8000,'empty',NULL),(491,99,'Room 1',8000,'empty',NULL),(492,99,'Room 2',8000,'empty',NULL),(493,99,'Room 3',8000,'empty',NULL),(494,99,'Room 4',8000,'empty',NULL),(495,99,'Room 5',8000,'empty',NULL),(496,100,'Room 1',8000,'empty',NULL),(497,100,'Room 2',8000,'empty',NULL),(498,100,'Room 3',8000,'empty',NULL),(499,100,'Room 4',8000,'empty',NULL),(500,100,'Room 5',8000,'empty',NULL),(501,101,'Room 1',8000,'empty',NULL),(502,101,'Room 2',8000,'empty',NULL),(503,101,'Room 3',8000,'empty',NULL),(504,101,'Room 4',8000,'empty',NULL),(505,101,'Room 5',8000,'empty',NULL),(506,102,'Room 1',8000,'empty',NULL),(507,102,'Room 2',8000,'empty',NULL),(508,102,'Room 3',8000,'empty',NULL),(509,102,'Room 4',8000,'empty',NULL),(510,102,'Room 5',8000,'empty',NULL),(511,103,'Room 1',8000,'empty',NULL),(512,103,'Room 2',8000,'empty',NULL),(513,103,'Room 3',8000,'empty',NULL),(514,103,'Room 4',8000,'empty',NULL),(515,103,'Room 5',8000,'empty',NULL),(516,104,'Room 1',8000,'empty',NULL),(517,104,'Room 2',8000,'empty',NULL),(518,104,'Room 3',8000,'empty',NULL),(519,104,'Room 4',8000,'empty',NULL),(520,104,'Room 5',8000,'empty',NULL),(521,105,'Room 1',8000,'empty',NULL),(522,105,'Room 2',8000,'empty',NULL),(523,105,'Room 3',8000,'empty',NULL),(524,105,'Room 4',8000,'empty',NULL),(525,105,'Room 5',8000,'empty',NULL),(526,106,'Room 1',8000,'empty',NULL),(527,106,'Room 2',8000,'empty',NULL),(528,106,'Room 3',8000,'empty',NULL),(529,106,'Room 4',8000,'empty',NULL),(530,106,'Room 5',8000,'empty',NULL),(531,107,'Room 1',8000,'empty',NULL),(532,107,'Room 2',8000,'empty',NULL),(533,107,'Room 3',8000,'empty',NULL),(534,107,'Room 4',8000,'empty',NULL),(535,107,'Room 5',8000,'empty',NULL),(536,108,'Room 1',8000,'empty',NULL),(537,108,'Room 2',8000,'empty',NULL),(538,108,'Room 3',8000,'empty',NULL),(539,108,'Room 4',8000,'empty',NULL),(540,108,'Room 5',8000,'empty',NULL),(541,109,'Room 1',8000,'empty',NULL),(542,109,'Room 2',8000,'empty',NULL),(543,109,'Room 3',8000,'empty',NULL),(544,109,'Room 4',8000,'empty',NULL),(545,109,'Room 5',8000,'empty',NULL),(546,110,'Room 1',8000,'empty',NULL),(547,110,'Room 2',8000,'empty',NULL),(548,110,'Room 3',8000,'empty',NULL),(549,110,'Room 4',8000,'empty',NULL),(550,110,'Room 5',8000,'empty',NULL),(551,111,'Room 1',8000,'empty',NULL),(552,111,'Room 2',8000,'empty',NULL),(553,111,'Room 3',8000,'empty',NULL),(554,111,'Room 4',8000,'empty',NULL),(555,111,'Room 5',8000,'empty',NULL),(556,112,'Room 1',8000,'empty',NULL),(557,112,'Room 2',8000,'empty',NULL),(558,112,'Room 3',8000,'empty',NULL),(559,112,'Room 4',8000,'empty',NULL),(560,112,'Room 5',8000,'empty',NULL),(561,113,'Room 1',8000,'empty',NULL),(562,113,'Room 2',8000,'empty',NULL),(563,113,'Room 3',8000,'empty',NULL),(564,113,'Room 4',8000,'empty',NULL),(565,113,'Room 5',8000,'empty',NULL),(566,114,'Room 1',8000,'empty',NULL),(567,114,'Room 2',8000,'empty',NULL),(568,114,'Room 3',8000,'empty',NULL),(569,114,'Room 4',8000,'empty',NULL),(570,114,'Room 5',8000,'empty',NULL),(571,115,'Room 1',8000,'empty',NULL),(572,115,'Room 2',8000,'empty',NULL),(573,115,'Room 3',8000,'empty',NULL),(574,115,'Room 4',8000,'empty',NULL),(575,115,'Room 5',8000,'empty',NULL),(576,116,'Room 1',8000,'empty',NULL),(577,116,'Room 2',8000,'empty',NULL),(578,116,'Room 3',8000,'empty',NULL),(579,116,'Room 4',8000,'empty',NULL),(580,116,'Room 5',8000,'empty',NULL),(581,117,'Room 1',8000,'empty',NULL),(582,117,'Room 2',8000,'empty',NULL),(583,117,'Room 3',8000,'empty',NULL),(584,117,'Room 4',8000,'empty',NULL),(585,117,'Room 5',8000,'empty',NULL),(586,118,'Room 1',8000,'empty',NULL),(587,118,'Room 2',8000,'empty',NULL),(588,118,'Room 3',8000,'empty',NULL),(589,118,'Room 4',8000,'empty',NULL),(590,118,'Room 5',8000,'empty',NULL),(591,119,'Room 1',8000,'empty',NULL),(592,119,'Room 2',8000,'empty',NULL),(593,119,'Room 3',8000,'empty',NULL),(594,119,'Room 4',8000,'empty',NULL),(595,119,'Room 5',8000,'empty',NULL),(596,120,'Room 1',8000,'empty',NULL),(597,120,'Room 2',8000,'empty',NULL),(598,120,'Room 3',8000,'empty',NULL),(599,120,'Room 4',8000,'empty',NULL),(600,120,'Room 5',8000,'empty',NULL),(601,121,'Room 1',8000,'empty',NULL),(602,121,'Room 2',8000,'empty',NULL),(603,121,'Room 3',8000,'empty',NULL),(604,121,'Room 4',8000,'empty',NULL),(605,121,'Room 5',8000,'empty',NULL),(606,122,'Room 1',8000,'empty',NULL),(607,122,'Room 2',8000,'empty',NULL),(608,122,'Room 3',8000,'empty',NULL),(609,122,'Room 4',8000,'empty',NULL),(610,122,'Room 5',8000,'empty',NULL),(611,123,'Room 1',8000,'empty',NULL),(612,123,'Room 2',8000,'empty',NULL),(613,123,'Room 3',8000,'empty',NULL),(614,123,'Room 4',8000,'empty',NULL),(615,123,'Room 5',8000,'empty',NULL),(616,124,'Room 1',8000,'empty',NULL),(617,124,'Room 2',8000,'empty',NULL),(618,124,'Room 3',8000,'empty',NULL),(619,124,'Room 4',8000,'empty',NULL),(620,124,'Room 5',8000,'empty',NULL),(621,125,'Room 1',8000,'empty',NULL),(622,125,'Room 2',8000,'empty',NULL),(623,125,'Room 3',8000,'empty',NULL),(624,125,'Room 4',8000,'empty',NULL),(625,125,'Room 5',8000,'empty',NULL),(626,126,'Room 1',8000,'empty',NULL),(627,126,'Room 2',8000,'empty',NULL),(628,126,'Room 3',8000,'empty',NULL),(629,126,'Room 4',8000,'empty',NULL),(630,126,'Room 5',8000,'empty',NULL),(631,127,'Room 1',8000,'empty',NULL),(632,127,'Room 2',8000,'empty',NULL),(633,127,'Room 3',8000,'empty',NULL),(634,127,'Room 4',8000,'empty',NULL),(635,127,'Room 5',8000,'empty',NULL),(636,128,'Room 1',8000,'empty',NULL),(637,128,'Room 2',8000,'empty',NULL),(638,128,'Room 3',8000,'empty',NULL),(639,128,'Room 4',8000,'empty',NULL),(640,128,'Room 5',8000,'empty',NULL),(641,129,'Room 1',8000,'empty',NULL),(642,129,'Room 2',8000,'empty',NULL),(643,129,'Room 3',8000,'empty',NULL),(644,129,'Room 4',8000,'empty',NULL),(645,129,'Room 5',8000,'empty',NULL),(646,130,'Room 1',8000,'empty',NULL),(647,130,'Room 2',8000,'empty',NULL),(648,130,'Room 3',8000,'empty',NULL),(649,130,'Room 4',8000,'empty',NULL),(650,130,'Room 5',8000,'empty',NULL),(651,131,'Room 1',8000,'empty',NULL),(652,131,'Room 2',8000,'empty',NULL),(653,131,'Room 3',8000,'empty',NULL),(654,131,'Room 4',8000,'empty',NULL),(655,131,'Room 5',8000,'empty',NULL),(656,132,'Room 1',8000,'empty',NULL),(657,132,'Room 2',8000,'empty',NULL),(658,132,'Room 3',8000,'empty',NULL),(659,132,'Room 4',8000,'empty',NULL),(660,132,'Room 5',8000,'empty',NULL),(661,133,'Room 1',8000,'empty',NULL),(662,133,'Room 2',8000,'empty',NULL),(663,133,'Room 3',8000,'empty',NULL),(664,133,'Room 4',8000,'empty',NULL),(665,133,'Room 5',8000,'empty',NULL),(666,134,'Room 1',8000,'empty',NULL),(667,134,'Room 2',8000,'empty',NULL),(668,134,'Room 3',8000,'empty',NULL),(669,134,'Room 4',8000,'empty',NULL),(670,134,'Room 5',8000,'empty',NULL),(671,135,'Room 1',8000,'empty',NULL),(672,135,'Room 2',8000,'empty',NULL),(673,135,'Room 3',8000,'empty',NULL),(674,135,'Room 4',8000,'empty',NULL),(675,135,'Room 5',8000,'empty',NULL),(676,136,'Room 1',8000,'empty',NULL),(677,136,'Room 2',8000,'empty',NULL),(678,136,'Room 3',8000,'empty',NULL),(679,136,'Room 4',8000,'empty',NULL),(680,136,'Room 5',8000,'empty',NULL),(681,137,'Room 1',8000,'empty',NULL),(682,137,'Room 2',8000,'empty',NULL),(683,137,'Room 3',8000,'empty',NULL),(684,137,'Room 4',8000,'empty',NULL),(685,137,'Room 5',8000,'empty',NULL),(686,138,'Room 1',8000,'empty',NULL),(687,138,'Room 2',8000,'empty',NULL),(688,138,'Room 3',8000,'empty',NULL),(689,138,'Room 4',8000,'empty',NULL),(690,138,'Room 5',8000,'empty',NULL),(691,139,'Room 1',8000,'empty',NULL),(692,139,'Room 2',8000,'empty',NULL),(693,139,'Room 3',8000,'empty',NULL),(694,139,'Room 4',8000,'empty',NULL),(695,139,'Room 5',8000,'empty',NULL),(696,140,'Room 1',8000,'empty',NULL),(697,140,'Room 2',8000,'empty',NULL),(698,140,'Room 3',8000,'empty',NULL),(699,140,'Room 4',8000,'empty',NULL),(700,140,'Room 5',8000,'empty',NULL),(701,141,'Room 1',8000,'empty',NULL),(702,141,'Room 2',8000,'empty',NULL),(703,141,'Room 3',8000,'empty',NULL),(704,141,'Room 4',8000,'empty',NULL),(705,141,'Room 5',8000,'empty',NULL),(706,142,'Room 1',8000,'empty',NULL),(707,142,'Room 2',8000,'empty',NULL),(708,142,'Room 3',8000,'empty',NULL),(709,142,'Room 4',8000,'empty',NULL),(710,142,'Room 5',8000,'empty',NULL),(711,143,'Room 1',8000,'empty',NULL),(712,143,'Room 2',8000,'empty',NULL),(713,143,'Room 3',8000,'empty',NULL),(714,143,'Room 4',8000,'empty',NULL),(715,143,'Room 5',8000,'empty',NULL),(716,144,'Room 1',8000,'empty',NULL),(717,144,'Room 2',8000,'empty',NULL),(718,144,'Room 3',8000,'empty',NULL),(719,144,'Room 4',8000,'empty',NULL),(720,144,'Room 5',8000,'empty',NULL),(721,145,'Room 1',8000,'empty',NULL),(722,145,'Room 2',8000,'empty',NULL),(723,145,'Room 3',8000,'empty',NULL),(724,145,'Room 4',8000,'empty',NULL),(725,145,'Room 5',8000,'empty',NULL),(726,146,'Room 1',8000,'empty',NULL),(727,146,'Room 2',8000,'empty',NULL),(728,146,'Room 3',8000,'empty',NULL),(729,146,'Room 4',8000,'empty',NULL),(730,146,'Room 5',8000,'empty',NULL),(731,147,'Room 1',8000,'empty',NULL),(732,147,'Room 2',8000,'empty',NULL),(733,147,'Room 3',8000,'empty',NULL),(734,147,'Room 4',8000,'empty',NULL),(735,147,'Room 5',8000,'empty',NULL),(736,148,'Room 1',8000,'empty',NULL),(737,148,'Room 2',8000,'empty',NULL),(738,148,'Room 3',8000,'empty',NULL),(739,148,'Room 4',8000,'empty',NULL),(740,148,'Room 5',8000,'empty',NULL),(741,149,'Room 1',8000,'empty',NULL),(742,149,'Room 2',8000,'empty',NULL),(743,149,'Room 3',8000,'empty',NULL),(744,149,'Room 4',8000,'empty',NULL),(745,149,'Room 5',8000,'empty',NULL),(746,150,'Room 1',8000,'empty',NULL),(747,150,'Room 2',8000,'empty',NULL),(748,150,'Room 3',8000,'empty',NULL),(749,150,'Room 4',8000,'empty',NULL),(750,150,'Room 5',8000,'empty',NULL),(751,151,'Room 1',8000,'empty',NULL),(752,151,'Room 2',8000,'empty',NULL),(753,151,'Room 3',8000,'empty',NULL),(754,151,'Room 4',8000,'empty',NULL),(755,151,'Room 5',8000,'empty',NULL),(756,152,'Room 1',8000,'empty',NULL),(757,152,'Room 2',8000,'empty',NULL),(758,152,'Room 3',8000,'empty',NULL),(759,152,'Room 4',8000,'empty',NULL),(760,152,'Room 5',8000,'empty',NULL),(761,153,'Room 1',8000,'empty',NULL),(762,153,'Room 2',8000,'empty',NULL),(763,153,'Room 3',8000,'empty',NULL),(764,153,'Room 4',8000,'empty',NULL),(765,153,'Room 5',8000,'empty',NULL),(766,154,'Room 1',8000,'empty',NULL),(767,154,'Room 2',8000,'empty',NULL),(768,154,'Room 3',8000,'empty',NULL),(769,154,'Room 4',8000,'empty',NULL),(770,154,'Room 5',8000,'empty',NULL),(771,155,'Room 1',8000,'empty',NULL),(772,155,'Room 2',8000,'empty',NULL),(773,155,'Room 3',8000,'empty',NULL),(774,155,'Room 4',8000,'empty',NULL),(775,155,'Room 5',8000,'empty',NULL),(776,156,'Room 1',8000,'empty',NULL),(777,156,'Room 2',8000,'empty',NULL),(778,156,'Room 3',8000,'empty',NULL),(779,156,'Room 4',8000,'empty',NULL),(780,156,'Room 5',8000,'empty',NULL),(781,157,'Room 1',8000,'empty',NULL),(782,157,'Room 2',8000,'empty',NULL),(783,157,'Room 3',8000,'empty',NULL),(784,157,'Room 4',8000,'empty',NULL),(785,157,'Room 5',8000,'empty',NULL),(786,158,'Room 1',8000,'empty',NULL),(787,158,'Room 2',8000,'empty',NULL),(788,158,'Room 3',8000,'empty',NULL),(789,158,'Room 4',8000,'empty',NULL),(790,158,'Room 5',8000,'empty',NULL),(791,159,'Room 1',8000,'empty',NULL),(792,159,'Room 2',8000,'empty',NULL),(793,159,'Room 3',8000,'empty',NULL),(794,159,'Room 4',8000,'empty',NULL),(795,159,'Room 5',8000,'empty',NULL),(796,160,'Room 1',8000,'empty',NULL),(797,160,'Room 2',8000,'empty',NULL),(798,160,'Room 3',8000,'empty',NULL),(799,160,'Room 4',8000,'empty',NULL),(800,160,'Room 5',8000,'empty',NULL),(801,161,'Room 1',8000,'empty',NULL),(802,161,'Room 2',8000,'empty',NULL),(803,161,'Room 3',8000,'empty',NULL),(804,161,'Room 4',8000,'empty',NULL),(805,161,'Room 5',8000,'empty',NULL),(806,162,'Room 1',8000,'empty',NULL),(807,162,'Room 2',8000,'empty',NULL),(808,162,'Room 3',8000,'empty',NULL),(809,162,'Room 4',8000,'empty',NULL),(810,162,'Room 5',8000,'empty',NULL),(811,163,'Room 1',8000,'empty',NULL),(812,163,'Room 2',8000,'empty',NULL),(813,163,'Room 3',8000,'empty',NULL),(814,163,'Room 4',8000,'empty',NULL),(815,163,'Room 5',8000,'empty',NULL),(816,164,'Room 1',8000,'empty',NULL),(817,164,'Room 2',8000,'empty',NULL),(818,164,'Room 3',8000,'empty',NULL),(819,164,'Room 4',8000,'empty',NULL),(820,164,'Room 5',8000,'empty',NULL),(821,165,'Room 1',8000,'empty',NULL),(822,165,'Room 2',8000,'empty',NULL),(823,165,'Room 3',8000,'empty',NULL),(824,165,'Room 4',8000,'empty',NULL),(825,165,'Room 5',8000,'empty',NULL),(826,166,'Room 1',8000,'empty',NULL),(827,166,'Room 2',8000,'empty',NULL),(828,166,'Room 3',8000,'empty',NULL),(829,166,'Room 4',8000,'empty',NULL),(830,166,'Room 5',8000,'empty',NULL),(831,167,'Room 1',8000,'empty',NULL),(832,167,'Room 2',8000,'empty',NULL),(833,167,'Room 3',8000,'empty',NULL),(834,167,'Room 4',8000,'empty',NULL),(835,167,'Room 5',8000,'empty',NULL),(836,168,'Room 1',8000,'empty',NULL),(837,168,'Room 2',8000,'empty',NULL),(838,168,'Room 3',8000,'empty',NULL),(839,168,'Room 4',8000,'empty',NULL),(840,168,'Room 5',8000,'empty',NULL),(841,169,'Room 1',8000,'empty',NULL),(842,169,'Room 2',8000,'empty',NULL),(843,169,'Room 3',8000,'empty',NULL),(844,169,'Room 4',8000,'empty',NULL),(845,169,'Room 5',8000,'empty',NULL),(846,170,'Room 1',8000,'empty',NULL),(847,170,'Room 2',8000,'empty',NULL),(848,170,'Room 3',8000,'empty',NULL),(849,170,'Room 4',8000,'empty',NULL),(850,170,'Room 5',8000,'empty',NULL),(851,171,'Room 1',8000,'empty',NULL),(852,171,'Room 2',8000,'empty',NULL),(853,171,'Room 3',8000,'empty',NULL),(854,171,'Room 4',8000,'empty',NULL),(855,171,'Room 5',8000,'empty',NULL),(856,172,'Room 1',8000,'empty',NULL),(857,172,'Room 2',8000,'empty',NULL),(858,172,'Room 3',8000,'empty',NULL),(859,172,'Room 4',8000,'empty',NULL),(860,172,'Room 5',8000,'empty',NULL),(861,173,'Room 1',8000,'empty',NULL),(862,173,'Room 2',8000,'empty',NULL),(863,173,'Room 3',8000,'empty',NULL),(864,173,'Room 4',8000,'empty',NULL),(865,173,'Room 5',8000,'empty',NULL),(866,174,'Room 1',8000,'empty',NULL),(867,174,'Room 2',8000,'empty',NULL),(868,174,'Room 3',8000,'empty',NULL),(869,174,'Room 4',8000,'empty',NULL),(870,174,'Room 5',8000,'empty',NULL),(871,175,'Room 1',8000,'empty',NULL),(872,175,'Room 2',8000,'empty',NULL),(873,175,'Room 3',8000,'empty',NULL),(874,175,'Room 4',8000,'empty',NULL),(875,175,'Room 5',8000,'empty',NULL),(876,176,'Room 1',8000,'empty',NULL),(877,176,'Room 2',8000,'empty',NULL),(878,176,'Room 3',8000,'empty',NULL),(879,176,'Room 4',8000,'empty',NULL),(880,176,'Room 5',8000,'empty',NULL),(881,177,'Room 1',8000,'empty',NULL),(882,177,'Room 2',8000,'empty',NULL),(883,177,'Room 3',8000,'empty',NULL),(884,177,'Room 4',8000,'empty',NULL),(885,177,'Room 5',8000,'empty',NULL),(886,178,'Room 1',8000,'empty',NULL),(887,178,'Room 2',8000,'empty',NULL),(888,178,'Room 3',8000,'empty',NULL),(889,178,'Room 4',8000,'empty',NULL),(890,178,'Room 5',8000,'empty',NULL),(891,179,'Room 1',8000,'empty',NULL),(892,179,'Room 2',8000,'empty',NULL),(893,179,'Room 3',8000,'empty',NULL),(894,179,'Room 4',8000,'empty',NULL),(895,179,'Room 5',8000,'empty',NULL),(896,180,'Room 1',8000,'empty',NULL),(897,180,'Room 2',8000,'empty',NULL),(898,180,'Room 3',8000,'empty',NULL),(899,180,'Room 4',8000,'empty',NULL),(900,180,'Room 5',8000,'empty',NULL),(901,181,'Room 1',8000,'empty',NULL),(902,181,'Room 2',8000,'empty',NULL),(903,181,'Room 3',8000,'empty',NULL),(904,181,'Room 4',8000,'empty',NULL),(905,181,'Room 5',8000,'empty',NULL),(906,182,'Room 1',8000,'empty',NULL),(907,182,'Room 2',8000,'empty',NULL),(908,182,'Room 3',8000,'empty',NULL),(909,182,'Room 4',8000,'empty',NULL),(910,182,'Room 5',8000,'empty',NULL),(911,183,'Room 1',8000,'empty',NULL),(912,183,'Room 2',8000,'empty',NULL),(913,183,'Room 3',8000,'empty',NULL),(914,183,'Room 4',8000,'empty',NULL),(915,183,'Room 5',8000,'empty',NULL),(916,184,'Room 1',8000,'empty',NULL),(917,184,'Room 2',8000,'empty',NULL),(918,184,'Room 3',8000,'empty',NULL),(919,184,'Room 4',8000,'empty',NULL),(920,184,'Room 5',8000,'empty',NULL),(921,185,'Room 1',8000,'empty',NULL),(922,185,'Room 2',8000,'empty',NULL),(923,185,'Room 3',8000,'empty',NULL),(924,185,'Room 4',8000,'empty',NULL),(925,185,'Room 5',8000,'empty',NULL),(926,186,'Room 1',8000,'empty',NULL),(927,186,'Room 2',8000,'empty',NULL),(928,186,'Room 3',8000,'empty',NULL),(929,186,'Room 4',8000,'empty',NULL),(930,186,'Room 5',8000,'empty',NULL),(931,187,'Room 1',8000,'empty',NULL),(932,187,'Room 2',8000,'empty',NULL),(933,187,'Room 3',8000,'empty',NULL),(934,187,'Room 4',8000,'empty',NULL),(935,187,'Room 5',8000,'empty',NULL),(936,188,'Room 1',8000,'empty',NULL),(937,188,'Room 2',8000,'empty',NULL),(938,188,'Room 3',8000,'empty',NULL),(939,188,'Room 4',8000,'empty',NULL),(940,188,'Room 5',8000,'empty',NULL),(941,189,'Room 1',8000,'empty',NULL),(942,189,'Room 2',8000,'empty',NULL),(943,189,'Room 3',8000,'empty',NULL),(944,189,'Room 4',8000,'empty',NULL),(945,189,'Room 5',8000,'empty',NULL),(946,190,'Room 1',8000,'empty',NULL),(947,190,'Room 2',8000,'empty',NULL),(948,190,'Room 3',8000,'empty',NULL),(949,190,'Room 4',8000,'empty',NULL),(950,190,'Room 5',8000,'empty',NULL),(951,191,'Room 1',8000,'empty',NULL),(952,191,'Room 2',8000,'empty',NULL),(953,191,'Room 3',8000,'empty',NULL),(954,191,'Room 4',8000,'empty',NULL),(955,191,'Room 5',8000,'empty',NULL),(956,192,'Room 1',8000,'empty',NULL),(957,192,'Room 2',8000,'empty',NULL),(958,192,'Room 3',8000,'empty',NULL),(959,192,'Room 4',8000,'empty',NULL),(960,192,'Room 5',8000,'empty',NULL),(961,193,'Room 1',8000,'empty',NULL),(962,193,'Room 2',8000,'empty',NULL),(963,193,'Room 3',8000,'empty',NULL),(964,193,'Room 4',8000,'empty',NULL),(965,193,'Room 5',8000,'empty',NULL),(966,194,'Room 1',8000,'empty',NULL),(967,194,'Room 2',8000,'empty',NULL),(968,194,'Room 3',8000,'empty',NULL),(969,194,'Room 4',8000,'empty',NULL),(970,194,'Room 5',8000,'empty',NULL),(971,195,'Room 1',8000,'empty',NULL),(972,195,'Room 2',8000,'empty',NULL),(973,195,'Room 3',8000,'empty',NULL),(974,195,'Room 4',8000,'empty',NULL),(975,195,'Room 5',8000,'empty',NULL),(976,196,'Room 1',8000,'empty',NULL),(977,196,'Room 2',8000,'empty',NULL),(978,196,'Room 3',8000,'empty',NULL),(979,196,'Room 4',8000,'empty',NULL),(980,196,'Room 5',8000,'empty',NULL),(981,197,'Room 1',8000,'empty',NULL),(982,197,'Room 2',8000,'empty',NULL),(983,197,'Room 3',8000,'empty',NULL),(984,197,'Room 4',8000,'empty',NULL),(985,197,'Room 5',8000,'empty',NULL),(986,198,'Room 1',8000,'empty',NULL),(987,198,'Room 2',8000,'empty',NULL),(988,198,'Room 3',8000,'empty',NULL),(989,198,'Room 4',8000,'empty',NULL),(990,198,'Room 5',8000,'empty',NULL),(991,199,'Room 1',8000,'empty',NULL),(992,199,'Room 2',8000,'empty',NULL),(993,199,'Room 3',8000,'empty',NULL),(994,199,'Room 4',8000,'empty',NULL),(995,199,'Room 5',8000,'empty',NULL),(996,200,'Room 1',8000,'empty',NULL),(997,200,'Room 2',8000,'empty',NULL),(998,200,'Room 3',8000,'empty',NULL),(999,200,'Room 4',8000,'empty',NULL),(1000,200,'Room 5',8000,'empty',NULL),(1001,201,'Room 1',8000,'empty',NULL),(1002,201,'Room 2',8000,'empty',NULL),(1003,201,'Room 3',8000,'empty',NULL),(1004,201,'Room 4',8000,'empty',NULL),(1005,201,'Room 5',8000,'empty',NULL),(1006,202,'Room 1',8000,'empty',NULL),(1007,202,'Room 2',8000,'empty',NULL),(1008,202,'Room 3',8000,'empty',NULL),(1009,202,'Room 4',8000,'empty',NULL),(1010,202,'Room 5',8000,'empty',NULL),(1011,203,'Room 1',8000,'empty',NULL),(1012,203,'Room 2',8000,'empty',NULL),(1013,203,'Room 3',8000,'empty',NULL),(1014,203,'Room 4',8000,'empty',NULL),(1015,203,'Room 5',8000,'empty',NULL),(1016,204,'Room 1',8000,'empty',NULL),(1017,204,'Room 2',8000,'empty',NULL),(1018,204,'Room 3',8000,'empty',NULL),(1019,204,'Room 4',8000,'empty',NULL),(1020,204,'Room 5',8000,'empty',NULL),(1021,205,'Room 1',8000,'empty',NULL),(1022,205,'Room 2',8000,'empty',NULL),(1023,205,'Room 3',8000,'empty',NULL),(1024,205,'Room 4',8000,'empty',NULL),(1025,205,'Room 5',8000,'empty',NULL),(1026,206,'Room 1',8000,'empty',NULL),(1027,206,'Room 2',8000,'empty',NULL),(1028,206,'Room 3',8000,'empty',NULL),(1029,206,'Room 4',8000,'empty',NULL),(1030,206,'Room 5',8000,'empty',NULL),(1031,207,'Room 1',8000,'empty',NULL),(1032,207,'Room 2',8000,'empty',NULL),(1033,207,'Room 3',8000,'empty',NULL),(1034,207,'Room 4',8000,'empty',NULL),(1035,207,'Room 5',8000,'empty',NULL),(1036,208,'Room 1',8000,'empty',NULL),(1037,208,'Room 2',8000,'empty',NULL),(1038,208,'Room 3',8000,'empty',NULL),(1039,208,'Room 4',8000,'empty',NULL),(1040,208,'Room 5',8000,'empty',NULL),(1041,209,'Room 1',8000,'empty',NULL),(1042,209,'Room 2',8000,'empty',NULL),(1043,209,'Room 3',8000,'empty',NULL),(1044,209,'Room 4',8000,'empty',NULL),(1045,209,'Room 5',8000,'empty',NULL),(1046,210,'Room 1',8000,'empty',NULL),(1047,210,'Room 2',8000,'empty',NULL),(1048,210,'Room 3',8000,'empty',NULL),(1049,210,'Room 4',8000,'empty',NULL),(1050,210,'Room 5',8000,'empty',NULL),(1051,211,'Room 1',8000,'empty',NULL),(1052,211,'Room 2',8000,'empty',NULL),(1053,211,'Room 3',8000,'empty',NULL),(1054,211,'Room 4',8000,'empty',NULL),(1055,211,'Room 5',8000,'empty',NULL),(1056,212,'Room 1',8000,'empty',NULL),(1057,212,'Room 2',8000,'empty',NULL),(1058,212,'Room 3',8000,'empty',NULL),(1059,212,'Room 4',8000,'empty',NULL),(1060,212,'Room 5',8000,'empty',NULL),(1061,213,'Room 1',8000,'empty',NULL),(1062,213,'Room 2',8000,'empty',NULL),(1063,213,'Room 3',8000,'empty',NULL),(1064,213,'Room 4',8000,'empty',NULL),(1065,213,'Room 5',8000,'empty',NULL),(1066,214,'Room 1',8000,'empty',NULL),(1067,214,'Room 2',8000,'empty',NULL),(1068,214,'Room 3',8000,'empty',NULL),(1069,214,'Room 4',8000,'empty',NULL),(1070,214,'Room 5',8000,'empty',NULL),(1071,215,'Room 1',8000,'empty',NULL),(1072,215,'Room 2',8000,'empty',NULL),(1073,215,'Room 3',8000,'empty',NULL),(1074,215,'Room 4',8000,'empty',NULL),(1075,215,'Room 5',8000,'empty',NULL),(1076,216,'Room 1',8000,'empty',NULL),(1077,216,'Room 2',8000,'empty',NULL),(1078,216,'Room 3',8000,'empty',NULL),(1079,216,'Room 4',8000,'empty',NULL),(1080,216,'Room 5',8000,'empty',NULL),(1081,217,'Room 1',8000,'empty',NULL),(1082,217,'Room 2',8000,'empty',NULL),(1083,217,'Room 3',8000,'empty',NULL),(1084,217,'Room 4',8000,'empty',NULL),(1085,217,'Room 5',8000,'empty',NULL),(1086,218,'Room 1',8000,'empty',NULL),(1087,218,'Room 2',8000,'empty',NULL),(1088,218,'Room 3',8000,'empty',NULL),(1089,218,'Room 4',8000,'empty',NULL),(1090,218,'Room 5',8000,'empty',NULL),(1091,219,'Room 1',8000,'empty',NULL),(1092,219,'Room 2',8000,'empty',NULL),(1093,219,'Room 3',8000,'empty',NULL),(1094,219,'Room 4',8000,'empty',NULL),(1095,219,'Room 5',8000,'empty',NULL),(1096,220,'Room 1',8000,'empty',NULL),(1097,220,'Room 2',8000,'empty',NULL),(1098,220,'Room 3',8000,'empty',NULL),(1099,220,'Room 4',8000,'empty',NULL),(1100,220,'Room 5',8000,'empty',NULL),(1101,221,'Room 1',8000,'empty',NULL),(1102,221,'Room 2',8000,'empty',NULL),(1103,221,'Room 3',8000,'empty',NULL),(1104,221,'Room 4',8000,'empty',NULL),(1105,221,'Room 5',8000,'empty',NULL),(1106,222,'Room 1',8000,'empty',NULL),(1107,222,'Room 2',8000,'empty',NULL),(1108,222,'Room 3',8000,'empty',NULL),(1109,222,'Room 4',8000,'empty',NULL),(1110,222,'Room 5',8000,'empty',NULL),(1111,223,'Room 1',8000,'empty',NULL),(1112,223,'Room 2',8000,'empty',NULL),(1113,223,'Room 3',8000,'empty',NULL),(1114,223,'Room 4',8000,'empty',NULL),(1115,223,'Room 5',8000,'empty',NULL),(1116,224,'Room 1',8000,'empty',NULL),(1117,224,'Room 2',8000,'empty',NULL),(1118,224,'Room 3',8000,'empty',NULL),(1119,224,'Room 4',8000,'empty',NULL),(1120,224,'Room 5',8000,'empty',NULL),(1121,225,'Room 1',8000,'empty',NULL),(1122,225,'Room 2',8000,'empty',NULL),(1123,225,'Room 3',8000,'empty',NULL),(1124,225,'Room 4',8000,'empty',NULL),(1125,225,'Room 5',8000,'empty',NULL),(1126,226,'Room 1',8000,'empty',NULL),(1127,226,'Room 2',8000,'empty',NULL),(1128,226,'Room 3',8000,'empty',NULL),(1129,226,'Room 4',8000,'empty',NULL),(1130,226,'Room 5',8000,'empty',NULL),(1131,227,'Room 1',8000,'empty',NULL),(1132,227,'Room 2',8000,'empty',NULL),(1133,227,'Room 3',8000,'empty',NULL),(1134,227,'Room 4',8000,'empty',NULL),(1135,227,'Room 5',8000,'empty',NULL),(1136,228,'Room 1',8000,'empty',NULL),(1137,228,'Room 2',8000,'empty',NULL),(1138,228,'Room 3',8000,'empty',NULL),(1139,228,'Room 4',8000,'empty',NULL),(1140,228,'Room 5',8000,'empty',NULL),(1141,229,'Room 1',8000,'empty',NULL),(1142,229,'Room 2',8000,'empty',NULL),(1143,229,'Room 3',8000,'empty',NULL),(1144,229,'Room 4',8000,'empty',NULL),(1145,229,'Room 5',8000,'empty',NULL),(1146,230,'Room 1',8000,'empty',NULL),(1147,230,'Room 2',8000,'empty',NULL),(1148,230,'Room 3',8000,'empty',NULL),(1149,230,'Room 4',8000,'empty',NULL),(1150,230,'Room 5',8000,'empty',NULL),(1151,231,'Room 1',8000,'empty',NULL),(1152,231,'Room 2',8000,'empty',NULL),(1153,231,'Room 3',8000,'empty',NULL),(1154,231,'Room 4',8000,'empty',NULL),(1155,231,'Room 5',8000,'empty',NULL),(1156,232,'Room 1',8000,'empty',NULL),(1157,232,'Room 2',8000,'empty',NULL),(1158,232,'Room 3',8000,'empty',NULL),(1159,232,'Room 4',8000,'empty',NULL),(1160,232,'Room 5',8000,'empty',NULL),(1161,233,'Room 1',8000,'empty',NULL),(1162,233,'Room 2',8000,'empty',NULL),(1163,233,'Room 3',8000,'empty',NULL),(1164,233,'Room 4',8000,'empty',NULL),(1165,233,'Room 5',8000,'empty',NULL),(1166,234,'Room 1',8000,'empty',NULL),(1167,234,'Room 2',8000,'empty',NULL),(1168,234,'Room 3',8000,'empty',NULL),(1169,234,'Room 4',8000,'empty',NULL),(1170,234,'Room 5',8000,'empty',NULL),(1171,235,'Room 1',8000,'empty',NULL),(1172,235,'Room 2',8000,'empty',NULL),(1173,235,'Room 3',8000,'empty',NULL),(1174,235,'Room 4',8000,'empty',NULL),(1175,235,'Room 5',8000,'empty',NULL),(1176,236,'Room 1',8000,'empty',NULL),(1177,236,'Room 2',8000,'empty',NULL),(1178,236,'Room 3',8000,'empty',NULL),(1179,236,'Room 4',8000,'empty',NULL),(1180,236,'Room 5',8000,'empty',NULL),(1181,237,'Room 1',8000,'empty',NULL),(1182,237,'Room 2',8000,'empty',NULL),(1183,237,'Room 3',8000,'empty',NULL),(1184,237,'Room 4',8000,'empty',NULL),(1185,237,'Room 5',8000,'empty',NULL),(1186,238,'Room 1',8000,'empty',NULL),(1187,238,'Room 2',8000,'empty',NULL),(1188,238,'Room 3',8000,'empty',NULL),(1189,238,'Room 4',8000,'empty',NULL),(1190,238,'Room 5',8000,'empty',NULL),(1191,239,'Room 1',8000,'empty',NULL),(1192,239,'Room 2',8000,'empty',NULL),(1193,239,'Room 3',8000,'empty',NULL),(1194,239,'Room 4',8000,'empty',NULL),(1195,239,'Room 5',8000,'empty',NULL),(1196,240,'Room 1',8000,'empty',NULL),(1197,240,'Room 2',8000,'empty',NULL),(1198,240,'Room 3',8000,'empty',NULL),(1199,240,'Room 4',8000,'empty',NULL),(1200,240,'Room 5',8000,'empty',NULL),(1201,241,'Room 1',8000,'empty',NULL),(1202,241,'Room 2',8000,'empty',NULL),(1203,241,'Room 3',8000,'empty',NULL),(1204,241,'Room 4',8000,'empty',NULL),(1205,241,'Room 5',8000,'empty',NULL),(1206,242,'Room 1',8000,'empty',NULL),(1207,242,'Room 2',8000,'empty',NULL),(1208,242,'Room 3',8000,'empty',NULL),(1209,242,'Room 4',8000,'empty',NULL),(1210,242,'Room 5',8000,'empty',NULL),(1211,243,'Room 1',8000,'empty',NULL),(1212,243,'Room 2',8000,'empty',NULL),(1213,243,'Room 3',8000,'empty',NULL),(1214,243,'Room 4',8000,'empty',NULL),(1215,243,'Room 5',8000,'empty',NULL),(1216,244,'Room 1',8000,'empty',NULL),(1217,244,'Room 2',8000,'empty',NULL),(1218,244,'Room 3',8000,'empty',NULL),(1219,244,'Room 4',8000,'empty',NULL),(1220,244,'Room 5',8000,'empty',NULL),(1221,245,'Room 1',8000,'empty',NULL),(1222,245,'Room 2',8000,'empty',NULL),(1223,245,'Room 3',8000,'empty',NULL),(1224,245,'Room 4',8000,'empty',NULL),(1225,245,'Room 5',8000,'empty',NULL),(1226,246,'Room 1',8000,'empty',NULL),(1227,246,'Room 2',8000,'empty',NULL),(1228,246,'Room 3',8000,'empty',NULL),(1229,246,'Room 4',8000,'empty',NULL),(1230,246,'Room 5',8000,'empty',NULL),(1231,247,'Room 1',8000,'empty',NULL),(1232,247,'Room 2',8000,'empty',NULL),(1233,247,'Room 3',8000,'empty',NULL),(1234,247,'Room 4',8000,'empty',NULL),(1235,247,'Room 5',8000,'empty',NULL),(1236,248,'Room 1',8000,'empty',NULL),(1237,248,'Room 2',8000,'empty',NULL),(1238,248,'Room 3',8000,'empty',NULL),(1239,248,'Room 4',8000,'empty',NULL),(1240,248,'Room 5',8000,'empty',NULL),(1241,249,'Room 1',8000,'empty',NULL),(1242,249,'Room 2',8000,'empty',NULL),(1243,249,'Room 3',8000,'empty',NULL),(1244,249,'Room 4',8000,'empty',NULL),(1245,249,'Room 5',8000,'empty',NULL),(1246,250,'Room 1',8000,'empty',NULL),(1247,250,'Room 2',8000,'empty',NULL),(1248,250,'Room 3',8000,'empty',NULL),(1249,250,'Room 4',8000,'empty',NULL),(1250,250,'Room 5',8000,'empty',NULL),(1251,251,'Room 1',8000,'empty',NULL),(1252,251,'Room 2',8000,'empty',NULL),(1253,251,'Room 3',8000,'empty',NULL),(1254,251,'Room 4',8000,'empty',NULL),(1255,251,'Room 5',8000,'empty',NULL),(1256,252,'Room 1',8000,'empty',NULL),(1257,252,'Room 2',8000,'empty',NULL),(1258,252,'Room 3',8000,'empty',NULL),(1259,252,'Room 4',8000,'empty',NULL),(1260,252,'Room 5',8000,'empty',NULL),(1261,253,'Room 1',8000,'empty',NULL),(1262,253,'Room 2',8000,'empty',NULL),(1263,253,'Room 3',8000,'empty',NULL),(1264,253,'Room 4',8000,'empty',NULL),(1265,253,'Room 5',8000,'empty',NULL),(1266,254,'Room 1',8000,'empty',NULL),(1267,254,'Room 2',8000,'empty',NULL),(1268,254,'Room 3',8000,'empty',NULL),(1269,254,'Room 4',8000,'empty',NULL),(1270,254,'Room 5',8000,'empty',NULL),(1271,255,'Room 1',8000,'empty',NULL),(1272,255,'Room 2',8000,'empty',NULL),(1273,255,'Room 3',8000,'empty',NULL),(1274,255,'Room 4',8000,'empty',NULL),(1275,255,'Room 5',8000,'empty',NULL),(1276,256,'Room 1',8000,'empty',NULL),(1277,256,'Room 2',8000,'empty',NULL),(1278,256,'Room 3',8000,'empty',NULL),(1279,256,'Room 4',8000,'empty',NULL),(1280,256,'Room 5',8000,'empty',NULL),(1281,257,'Room 1',8000,'empty',NULL),(1282,257,'Room 2',8000,'empty',NULL),(1283,257,'Room 3',8000,'empty',NULL),(1284,257,'Room 4',8000,'empty',NULL),(1285,257,'Room 5',8000,'empty',NULL),(1286,258,'Room 1',8000,'empty',NULL),(1287,258,'Room 2',8000,'empty',NULL),(1288,258,'Room 3',8000,'empty',NULL),(1289,258,'Room 4',8000,'empty',NULL),(1290,258,'Room 5',8000,'empty',NULL),(1291,259,'Room 1',8000,'empty',NULL),(1292,259,'Room 2',8000,'empty',NULL),(1293,259,'Room 3',8000,'empty',NULL),(1294,259,'Room 4',8000,'empty',NULL),(1295,259,'Room 5',8000,'empty',NULL),(1296,260,'Room 1',8000,'empty',NULL),(1297,260,'Room 2',8000,'empty',NULL),(1298,260,'Room 3',8000,'empty',NULL),(1299,260,'Room 4',8000,'empty',NULL),(1300,260,'Room 5',8000,'empty',NULL),(1301,261,'Room 1',8000,'empty',NULL),(1302,261,'Room 2',8000,'empty',NULL),(1303,261,'Room 3',8000,'empty',NULL),(1304,261,'Room 4',8000,'empty',NULL),(1305,261,'Room 5',8000,'empty',NULL),(1306,262,'Room 1',8000,'empty',NULL),(1307,262,'Room 2',8000,'empty',NULL),(1308,262,'Room 3',8000,'empty',NULL),(1309,262,'Room 4',8000,'empty',NULL),(1310,262,'Room 5',8000,'empty',NULL),(1311,263,'Room 1',8000,'empty',NULL),(1312,263,'Room 2',8000,'empty',NULL),(1313,263,'Room 3',8000,'empty',NULL),(1314,263,'Room 4',8000,'empty',NULL),(1315,263,'Room 5',8000,'empty',NULL),(1316,264,'Room 1',8000,'empty',NULL),(1317,264,'Room 2',8000,'empty',NULL),(1318,264,'Room 3',8000,'empty',NULL),(1319,264,'Room 4',8000,'empty',NULL),(1320,264,'Room 5',8000,'empty',NULL),(1321,265,'Room 1',8000,'empty',NULL),(1322,265,'Room 2',8000,'empty',NULL),(1323,265,'Room 3',8000,'empty',NULL),(1324,265,'Room 4',8000,'empty',NULL),(1325,265,'Room 5',8000,'empty',NULL),(1326,266,'Room 1',8000,'empty',NULL),(1327,266,'Room 2',8000,'empty',NULL),(1328,266,'Room 3',8000,'empty',NULL),(1329,266,'Room 4',8000,'empty',NULL),(1330,266,'Room 5',8000,'empty',NULL),(1331,267,'Room 1',8000,'empty',NULL),(1332,267,'Room 2',8000,'empty',NULL),(1333,267,'Room 3',8000,'empty',NULL),(1334,267,'Room 4',8000,'empty',NULL),(1335,267,'Room 5',8000,'empty',NULL),(1336,268,'Room 1',8000,'empty',NULL),(1337,268,'Room 2',8000,'empty',NULL),(1338,268,'Room 3',8000,'empty',NULL),(1339,268,'Room 4',8000,'empty',NULL),(1340,268,'Room 5',8000,'empty',NULL),(1341,269,'Room 1',8000,'empty',NULL),(1342,269,'Room 2',8000,'empty',NULL),(1343,269,'Room 3',8000,'empty',NULL),(1344,269,'Room 4',8000,'empty',NULL),(1345,269,'Room 5',8000,'empty',NULL),(1346,270,'Room 1',8000,'empty',NULL),(1347,270,'Room 2',8000,'empty',NULL),(1348,270,'Room 3',8000,'empty',NULL),(1349,270,'Room 4',8000,'empty',NULL),(1350,270,'Room 5',8000,'empty',NULL),(1351,271,'Room 1',8000,'empty',NULL),(1352,271,'Room 2',8000,'empty',NULL),(1353,271,'Room 3',8000,'empty',NULL),(1354,271,'Room 4',8000,'empty',NULL),(1355,271,'Room 5',8000,'empty',NULL),(1356,272,'Room 1',8000,'empty',NULL),(1357,272,'Room 2',8000,'empty',NULL),(1358,272,'Room 3',8000,'empty',NULL),(1359,272,'Room 4',8000,'empty',NULL),(1360,272,'Room 5',8000,'empty',NULL),(1361,273,'Room 1',8000,'empty',NULL),(1362,273,'Room 2',8000,'empty',NULL),(1363,273,'Room 3',8000,'empty',NULL),(1364,273,'Room 4',8000,'empty',NULL),(1365,273,'Room 5',8000,'empty',NULL),(1366,274,'Room 1',8000,'empty',NULL),(1367,274,'Room 2',8000,'empty',NULL),(1368,274,'Room 3',8000,'empty',NULL),(1369,274,'Room 4',8000,'empty',NULL),(1370,274,'Room 5',8000,'empty',NULL),(1371,275,'Room 1',8000,'empty',NULL),(1372,275,'Room 2',8000,'empty',NULL),(1373,275,'Room 3',8000,'empty',NULL),(1374,275,'Room 4',8000,'empty',NULL),(1375,275,'Room 5',8000,'empty',NULL),(1376,276,'Room 1',8000,'empty',NULL),(1377,276,'Room 2',8000,'empty',NULL),(1378,276,'Room 3',8000,'empty',NULL),(1379,276,'Room 4',8000,'empty',NULL),(1380,276,'Room 5',8000,'empty',NULL),(1381,277,'Room 1',8000,'empty',NULL),(1382,277,'Room 2',8000,'empty',NULL),(1383,277,'Room 3',8000,'empty',NULL),(1384,277,'Room 4',8000,'empty',NULL),(1385,277,'Room 5',8000,'empty',NULL),(1386,278,'Room 1',8000,'empty',NULL),(1387,278,'Room 2',8000,'empty',NULL),(1388,278,'Room 3',8000,'empty',NULL),(1389,278,'Room 4',8000,'empty',NULL),(1390,278,'Room 5',8000,'empty',NULL),(1391,279,'Room 1',8000,'empty',NULL),(1392,279,'Room 2',8000,'empty',NULL),(1393,279,'Room 3',8000,'empty',NULL),(1394,279,'Room 4',8000,'empty',NULL),(1395,279,'Room 5',8000,'empty',NULL),(1396,280,'Room 1',8000,'empty',NULL),(1397,280,'Room 2',8000,'empty',NULL),(1398,280,'Room 3',8000,'empty',NULL),(1399,280,'Room 4',8000,'empty',NULL),(1400,280,'Room 5',8000,'empty',NULL),(1401,281,'Room 1',8000,'empty',NULL),(1402,281,'Room 2',8000,'empty',NULL),(1403,281,'Room 3',8000,'empty',NULL),(1404,281,'Room 4',8000,'empty',NULL),(1405,281,'Room 5',8000,'empty',NULL),(1406,282,'Room 1',8000,'empty',NULL),(1407,282,'Room 2',8000,'empty',NULL),(1408,282,'Room 3',8000,'empty',NULL),(1409,282,'Room 4',8000,'empty',NULL),(1410,282,'Room 5',8000,'empty',NULL),(1411,283,'Room 1',8000,'empty',NULL),(1412,283,'Room 2',8000,'empty',NULL),(1413,283,'Room 3',8000,'empty',NULL),(1414,283,'Room 4',8000,'empty',NULL),(1415,283,'Room 5',8000,'empty',NULL),(1416,284,'Room 1',8000,'empty',NULL),(1417,284,'Room 2',8000,'empty',NULL),(1418,284,'Room 3',8000,'empty',NULL),(1419,284,'Room 4',8000,'empty',NULL),(1420,284,'Room 5',8000,'empty',NULL),(1421,285,'Room 1',8000,'empty',NULL),(1422,285,'Room 2',8000,'empty',NULL),(1423,285,'Room 3',8000,'empty',NULL),(1424,285,'Room 4',8000,'empty',NULL),(1425,285,'Room 5',8000,'empty',NULL),(1426,286,'Room 1',8000,'empty',NULL),(1427,286,'Room 2',8000,'empty',NULL),(1428,286,'Room 3',8000,'empty',NULL),(1429,286,'Room 4',8000,'empty',NULL),(1430,286,'Room 5',8000,'empty',NULL),(1431,287,'Room 1',8000,'empty',NULL),(1432,287,'Room 2',8000,'empty',NULL),(1433,287,'Room 3',8000,'empty',NULL),(1434,287,'Room 4',8000,'empty',NULL),(1435,287,'Room 5',8000,'empty',NULL),(1436,288,'Room 1',8000,'empty',NULL),(1437,288,'Room 2',8000,'empty',NULL),(1438,288,'Room 3',8000,'empty',NULL),(1439,288,'Room 4',8000,'empty',NULL),(1440,288,'Room 5',8000,'empty',NULL),(1441,289,'Room 1',8000,'empty',NULL),(1442,289,'Room 2',8000,'empty',NULL),(1443,289,'Room 3',8000,'empty',NULL),(1444,289,'Room 4',8000,'empty',NULL),(1445,289,'Room 5',8000,'empty',NULL),(1446,290,'Room 1',8000,'empty',NULL),(1447,290,'Room 2',8000,'empty',NULL),(1448,290,'Room 3',8000,'empty',NULL),(1449,290,'Room 4',8000,'empty',NULL),(1450,290,'Room 5',8000,'empty',NULL),(1451,291,'Room 1',8000,'empty',NULL),(1452,291,'Room 2',8000,'empty',NULL),(1453,291,'Room 3',8000,'empty',NULL),(1454,291,'Room 4',8000,'empty',NULL),(1455,291,'Room 5',8000,'empty',NULL),(1456,292,'Room 1',8000,'empty',NULL),(1457,292,'Room 2',8000,'empty',NULL),(1458,292,'Room 3',8000,'empty',NULL),(1459,292,'Room 4',8000,'empty',NULL),(1460,292,'Room 5',8000,'empty',NULL),(1461,293,'Room 1',8000,'empty',NULL),(1462,293,'Room 2',8000,'empty',NULL),(1463,293,'Room 3',8000,'empty',NULL),(1464,293,'Room 4',8000,'empty',NULL),(1465,293,'Room 5',8000,'empty',NULL),(1466,294,'Room 1',8000,'empty',NULL),(1467,294,'Room 2',8000,'empty',NULL),(1468,294,'Room 3',8000,'empty',NULL),(1469,294,'Room 4',8000,'empty',NULL),(1470,294,'Room 5',8000,'empty',NULL),(1471,295,'Room 1',8000,'empty',NULL),(1472,295,'Room 2',8000,'empty',NULL),(1473,295,'Room 3',8000,'empty',NULL),(1474,295,'Room 4',8000,'empty',NULL),(1475,295,'Room 5',8000,'empty',NULL),(1476,296,'Room 1',8000,'empty',NULL),(1477,296,'Room 2',8000,'empty',NULL),(1478,296,'Room 3',8000,'empty',NULL),(1479,296,'Room 4',8000,'empty',NULL),(1480,296,'Room 5',8000,'empty',NULL),(1481,297,'Room 1',8000,'empty',NULL),(1482,297,'Room 2',8000,'empty',NULL),(1483,297,'Room 3',8000,'empty',NULL),(1484,297,'Room 4',8000,'empty',NULL),(1485,297,'Room 5',8000,'empty',NULL),(1486,298,'Room 1',8000,'empty',NULL),(1487,298,'Room 2',8000,'empty',NULL),(1488,298,'Room 3',8000,'empty',NULL),(1489,298,'Room 4',8000,'empty',NULL),(1490,298,'Room 5',8000,'empty',NULL),(1491,299,'Room 1',8000,'empty',NULL),(1492,299,'Room 2',8000,'empty',NULL),(1493,299,'Room 3',8000,'empty',NULL),(1494,299,'Room 4',8000,'empty',NULL),(1495,299,'Room 5',8000,'empty',NULL),(1496,300,'Room 1',8000,'empty',NULL),(1497,300,'Room 2',8000,'empty',NULL),(1498,300,'Room 3',8000,'empty',NULL),(1499,300,'Room 4',8000,'empty',NULL),(1500,300,'Room 5',8000,'empty',NULL),(1501,301,'Room 1',8000,'empty',NULL),(1502,301,'Room 2',8000,'empty',NULL),(1503,301,'Room 3',8000,'empty',NULL),(1504,301,'Room 4',8000,'empty',NULL),(1505,301,'Room 5',8000,'empty',NULL),(1506,302,'Room 1',8000,'empty',NULL),(1507,302,'Room 2',8000,'empty',NULL),(1508,302,'Room 3',8000,'empty',NULL),(1509,302,'Room 4',8000,'empty',NULL),(1510,302,'Room 5',8000,'empty',NULL),(1511,303,'Room 1',8000,'empty',NULL),(1512,303,'Room 2',8000,'empty',NULL),(1513,303,'Room 3',8000,'empty',NULL),(1514,303,'Room 4',8000,'empty',NULL),(1515,303,'Room 5',8000,'empty',NULL),(1516,304,'Room 1',8000,'empty',NULL),(1517,304,'Room 2',8000,'empty',NULL),(1518,304,'Room 3',8000,'empty',NULL),(1519,304,'Room 4',8000,'empty',NULL),(1520,304,'Room 5',8000,'empty',NULL),(1521,305,'Room 1',8000,'empty',NULL),(1522,305,'Room 2',8000,'empty',NULL),(1523,305,'Room 3',8000,'empty',NULL),(1524,305,'Room 4',8000,'empty',NULL),(1525,305,'Room 5',8000,'empty',NULL),(1526,306,'Room 1',8000,'empty',NULL),(1527,306,'Room 2',8000,'empty',NULL),(1528,306,'Room 3',8000,'empty',NULL),(1529,306,'Room 4',8000,'empty',NULL),(1530,306,'Room 5',8000,'empty',NULL),(1531,307,'Room 1',8000,'empty',NULL),(1532,307,'Room 2',8000,'empty',NULL),(1533,307,'Room 3',8000,'empty',NULL),(1534,307,'Room 4',8000,'empty',NULL),(1535,307,'Room 5',8000,'empty',NULL),(1536,308,'Room 1',8000,'empty',NULL),(1537,308,'Room 2',8000,'empty',NULL),(1538,308,'Room 3',8000,'empty',NULL),(1539,308,'Room 4',8000,'empty',NULL),(1540,308,'Room 5',8000,'empty',NULL),(1541,309,'Room 1',8000,'empty',NULL),(1542,309,'Room 2',8000,'empty',NULL),(1543,309,'Room 3',8000,'empty',NULL),(1544,309,'Room 4',8000,'empty',NULL),(1545,309,'Room 5',8000,'empty',NULL),(1546,310,'Room 1',8000,'empty',NULL),(1547,310,'Room 2',8000,'empty',NULL),(1548,310,'Room 3',8000,'empty',NULL),(1549,310,'Room 4',8000,'empty',NULL),(1550,310,'Room 5',8000,'empty',NULL),(1551,311,'Room 1',8000,'empty',NULL),(1552,311,'Room 2',8000,'empty',NULL),(1553,311,'Room 3',8000,'empty',NULL),(1554,311,'Room 4',8000,'empty',NULL),(1555,311,'Room 5',8000,'empty',NULL),(1556,312,'Room 1',8000,'empty',NULL),(1557,312,'Room 2',8000,'empty',NULL),(1558,312,'Room 3',8000,'empty',NULL),(1559,312,'Room 4',8000,'empty',NULL),(1560,312,'Room 5',8000,'empty',NULL),(1561,313,'Room 1',8000,'empty',NULL),(1562,313,'Room 2',8000,'empty',NULL),(1563,313,'Room 3',8000,'empty',NULL),(1564,313,'Room 4',8000,'empty',NULL),(1565,313,'Room 5',8000,'empty',NULL),(1566,314,'Room 1',8000,'empty',NULL),(1567,314,'Room 2',8000,'empty',NULL),(1568,314,'Room 3',8000,'empty',NULL),(1569,314,'Room 4',8000,'empty',NULL),(1570,314,'Room 5',8000,'empty',NULL),(1571,315,'Room 1',8000,'empty',NULL),(1572,315,'Room 2',8000,'empty',NULL),(1573,315,'Room 3',8000,'empty',NULL),(1574,315,'Room 4',8000,'empty',NULL),(1575,315,'Room 5',8000,'empty',NULL),(1576,316,'Room 1',8000,'empty',NULL),(1577,316,'Room 2',8000,'empty',NULL),(1578,316,'Room 3',8000,'empty',NULL),(1579,316,'Room 4',8000,'empty',NULL),(1580,316,'Room 5',8000,'empty',NULL),(1581,317,'Room 1',8000,'empty',NULL),(1582,317,'Room 2',8000,'empty',NULL),(1583,317,'Room 3',8000,'empty',NULL),(1584,317,'Room 4',8000,'empty',NULL),(1585,317,'Room 5',8000,'empty',NULL),(1586,318,'Room 1',8000,'empty',NULL),(1587,318,'Room 2',8000,'empty',NULL),(1588,318,'Room 3',8000,'empty',NULL),(1589,318,'Room 4',8000,'empty',NULL),(1590,318,'Room 5',8000,'empty',NULL),(1591,319,'Room 1',8000,'empty',NULL),(1592,319,'Room 2',8000,'empty',NULL),(1593,319,'Room 3',8000,'empty',NULL),(1594,319,'Room 4',8000,'empty',NULL),(1595,319,'Room 5',8000,'empty',NULL),(1596,320,'Room 1',8000,'empty',NULL),(1597,320,'Room 2',8000,'empty',NULL),(1598,320,'Room 3',8000,'empty',NULL),(1599,320,'Room 4',8000,'empty',NULL),(1600,320,'Room 5',8000,'empty',NULL),(1601,321,'Room 1',8000,'empty',NULL),(1602,321,'Room 2',8000,'empty',NULL),(1603,321,'Room 3',8000,'empty',NULL),(1604,321,'Room 4',8000,'empty',NULL),(1605,321,'Room 5',8000,'empty',NULL),(1606,322,'Room 1',8000,'empty',NULL),(1607,322,'Room 2',8000,'empty',NULL),(1608,322,'Room 3',8000,'empty',NULL),(1609,322,'Room 4',8000,'empty',NULL),(1610,322,'Room 5',8000,'empty',NULL),(1611,323,'Room 1',8000,'empty',NULL),(1612,323,'Room 2',8000,'empty',NULL),(1613,323,'Room 3',8000,'empty',NULL),(1614,323,'Room 4',8000,'empty',NULL),(1615,323,'Room 5',8000,'empty',NULL),(1616,324,'Room 1',8000,'empty',NULL),(1617,324,'Room 2',8000,'empty',NULL),(1618,324,'Room 3',8000,'empty',NULL),(1619,324,'Room 4',8000,'empty',NULL),(1620,324,'Room 5',8000,'empty',NULL),(1621,325,'Room 1',8000,'empty',NULL),(1622,325,'Room 2',8000,'empty',NULL),(1623,325,'Room 3',8000,'empty',NULL),(1624,325,'Room 4',8000,'empty',NULL),(1625,325,'Room 5',8000,'empty',NULL),(1626,326,'Room 1',8000,'empty',NULL),(1627,326,'Room 2',8000,'empty',NULL),(1628,326,'Room 3',8000,'empty',NULL),(1629,326,'Room 4',8000,'empty',NULL),(1630,326,'Room 5',8000,'empty',NULL),(1631,327,'Room 1',8000,'empty',NULL),(1632,327,'Room 2',8000,'empty',NULL),(1633,327,'Room 3',8000,'empty',NULL),(1634,327,'Room 4',8000,'empty',NULL),(1635,327,'Room 5',8000,'empty',NULL),(1636,328,'Room 1',8000,'empty',NULL),(1637,328,'Room 2',8000,'empty',NULL),(1638,328,'Room 3',8000,'empty',NULL),(1639,328,'Room 4',8000,'empty',NULL),(1640,328,'Room 5',8000,'empty',NULL),(1641,329,'Room 1',8000,'empty',NULL),(1642,329,'Room 2',8000,'empty',NULL),(1643,329,'Room 3',8000,'empty',NULL),(1644,329,'Room 4',8000,'empty',NULL),(1645,329,'Room 5',8000,'empty',NULL),(1646,330,'Room 1',8000,'empty',NULL),(1647,330,'Room 2',8000,'empty',NULL),(1648,330,'Room 3',8000,'empty',NULL),(1649,330,'Room 4',8000,'empty',NULL),(1650,330,'Room 5',8000,'empty',NULL),(1651,331,'Room 1',8000,'empty',NULL),(1652,331,'Room 2',8000,'empty',NULL),(1653,331,'Room 3',8000,'empty',NULL),(1654,331,'Room 4',8000,'empty',NULL),(1655,331,'Room 5',8000,'empty',NULL),(1656,332,'Room 1',8000,'empty',NULL),(1657,332,'Room 2',8000,'empty',NULL),(1658,332,'Room 3',8000,'empty',NULL),(1659,332,'Room 4',8000,'empty',NULL),(1660,332,'Room 5',8000,'empty',NULL),(1661,333,'Room 1',8000,'empty',NULL),(1662,333,'Room 2',8000,'empty',NULL),(1663,333,'Room 3',8000,'empty',NULL),(1664,333,'Room 4',8000,'empty',NULL),(1665,333,'Room 5',8000,'empty',NULL),(1666,334,'Room 1',8000,'empty',NULL),(1667,334,'Room 2',8000,'empty',NULL),(1668,334,'Room 3',8000,'empty',NULL),(1669,334,'Room 4',8000,'empty',NULL),(1670,334,'Room 5',8000,'empty',NULL),(1671,335,'Room 1',8000,'empty',NULL),(1672,335,'Room 2',8000,'empty',NULL),(1673,335,'Room 3',8000,'empty',NULL),(1674,335,'Room 4',8000,'empty',NULL),(1675,335,'Room 5',8000,'empty',NULL),(1676,336,'Room 1',8000,'empty',NULL),(1677,336,'Room 2',8000,'empty',NULL),(1678,336,'Room 3',8000,'empty',NULL),(1679,336,'Room 4',8000,'empty',NULL),(1680,336,'Room 5',8000,'empty',NULL),(1681,337,'Room 1',8000,'empty',NULL),(1682,337,'Room 2',8000,'empty',NULL),(1683,337,'Room 3',8000,'empty',NULL),(1684,337,'Room 4',8000,'empty',NULL),(1685,337,'Room 5',8000,'empty',NULL),(1686,338,'Room 1',8000,'empty',NULL),(1687,338,'Room 2',8000,'empty',NULL),(1688,338,'Room 3',8000,'empty',NULL),(1689,338,'Room 4',8000,'empty',NULL),(1690,338,'Room 5',8000,'empty',NULL),(1691,339,'Room 1',8000,'empty',NULL),(1692,339,'Room 2',8000,'empty',NULL),(1693,339,'Room 3',8000,'empty',NULL),(1694,339,'Room 4',8000,'empty',NULL),(1695,339,'Room 5',8000,'empty',NULL),(1696,340,'Room 1',8000,'empty',NULL),(1697,340,'Room 2',8000,'empty',NULL),(1698,340,'Room 3',8000,'empty',NULL),(1699,340,'Room 4',8000,'empty',NULL),(1700,340,'Room 5',8000,'empty',NULL),(1701,341,'Room 1',8000,'empty',NULL),(1702,341,'Room 2',8000,'empty',NULL),(1703,341,'Room 3',8000,'empty',NULL),(1704,341,'Room 4',8000,'empty',NULL),(1705,341,'Room 5',8000,'empty',NULL),(1706,342,'Room 1',8000,'empty',NULL),(1707,342,'Room 2',8000,'empty',NULL),(1708,342,'Room 3',8000,'empty',NULL),(1709,342,'Room 4',8000,'empty',NULL),(1710,342,'Room 5',8000,'empty',NULL),(1711,343,'Room 1',8000,'empty',NULL),(1712,343,'Room 2',8000,'empty',NULL),(1713,343,'Room 3',8000,'empty',NULL),(1714,343,'Room 4',8000,'empty',NULL),(1715,343,'Room 5',8000,'empty',NULL),(1716,344,'Room 1',8000,'empty',NULL),(1717,344,'Room 2',8000,'empty',NULL),(1718,344,'Room 3',8000,'empty',NULL),(1719,344,'Room 4',8000,'empty',NULL),(1720,344,'Room 5',8000,'empty',NULL),(1721,345,'Room 1',8000,'empty',NULL),(1722,345,'Room 2',8000,'empty',NULL),(1723,345,'Room 3',8000,'empty',NULL),(1724,345,'Room 4',8000,'empty',NULL),(1725,345,'Room 5',8000,'empty',NULL),(1726,346,'Room 1',8000,'empty',NULL),(1727,346,'Room 2',8000,'empty',NULL),(1728,346,'Room 3',8000,'empty',NULL),(1729,346,'Room 4',8000,'empty',NULL),(1730,346,'Room 5',8000,'empty',NULL),(1731,347,'Room 1',8000,'empty',NULL),(1732,347,'Room 2',8000,'empty',NULL),(1733,347,'Room 3',8000,'empty',NULL),(1734,347,'Room 4',8000,'empty',NULL),(1735,347,'Room 5',8000,'empty',NULL),(1736,348,'Room 1',8000,'empty',NULL),(1737,348,'Room 2',8000,'empty',NULL),(1738,348,'Room 3',8000,'empty',NULL),(1739,348,'Room 4',8000,'empty',NULL),(1740,348,'Room 5',8000,'empty',NULL),(1741,349,'Room 1',8000,'empty',NULL),(1742,349,'Room 2',8000,'empty',NULL),(1743,349,'Room 3',8000,'empty',NULL),(1744,349,'Room 4',8000,'empty',NULL),(1745,349,'Room 5',8000,'empty',NULL),(1746,350,'Room 1',8000,'empty',NULL),(1747,350,'Room 2',8000,'empty',NULL),(1748,350,'Room 3',8000,'empty',NULL),(1749,350,'Room 4',8000,'empty',NULL),(1750,350,'Room 5',8000,'empty',NULL),(1751,351,'Room 1',8000,'empty',NULL),(1752,351,'Room 2',8000,'empty',NULL),(1753,351,'Room 3',8000,'empty',NULL),(1754,351,'Room 4',8000,'empty',NULL),(1755,351,'Room 5',8000,'empty',NULL),(1756,352,'Room 1',8000,'empty',NULL),(1757,352,'Room 2',8000,'empty',NULL),(1758,352,'Room 3',8000,'empty',NULL),(1759,352,'Room 4',8000,'empty',NULL),(1760,352,'Room 5',8000,'empty',NULL),(1761,353,'Room 1',8000,'empty',NULL),(1762,353,'Room 2',8000,'empty',NULL),(1763,353,'Room 3',8000,'empty',NULL),(1764,353,'Room 4',8000,'empty',NULL),(1765,353,'Room 5',8000,'empty',NULL),(1766,354,'Room 1',8000,'empty',NULL),(1767,354,'Room 2',8000,'empty',NULL),(1768,354,'Room 3',8000,'empty',NULL),(1769,354,'Room 4',8000,'empty',NULL),(1770,354,'Room 5',8000,'empty',NULL),(1771,355,'Room 1',8000,'empty',NULL),(1772,355,'Room 2',8000,'empty',NULL),(1773,355,'Room 3',8000,'empty',NULL),(1774,355,'Room 4',8000,'empty',NULL),(1775,355,'Room 5',8000,'empty',NULL),(1776,356,'Room 1',8000,'empty',NULL),(1777,356,'Room 2',8000,'empty',NULL),(1778,356,'Room 3',8000,'empty',NULL),(1779,356,'Room 4',8000,'empty',NULL),(1780,356,'Room 5',8000,'empty',NULL),(1781,357,'Room 1',8000,'empty',NULL),(1782,357,'Room 2',8000,'empty',NULL),(1783,357,'Room 3',8000,'empty',NULL),(1784,357,'Room 4',8000,'empty',NULL),(1785,357,'Room 5',8000,'empty',NULL),(1786,358,'Room 1',8000,'empty',NULL),(1787,358,'Room 2',8000,'empty',NULL),(1788,358,'Room 3',8000,'empty',NULL),(1789,358,'Room 4',8000,'empty',NULL),(1790,358,'Room 5',8000,'empty',NULL),(1791,359,'Room 1',8000,'empty',NULL),(1792,359,'Room 2',8000,'empty',NULL),(1793,359,'Room 3',8000,'empty',NULL),(1794,359,'Room 4',8000,'empty',NULL),(1795,359,'Room 5',8000,'empty',NULL),(1796,360,'Room 1',8000,'empty',NULL),(1797,360,'Room 2',8000,'empty',NULL),(1798,360,'Room 3',8000,'empty',NULL),(1799,360,'Room 4',8000,'empty',NULL),(1800,360,'Room 5',8000,'empty',NULL),(1801,361,'Room 1',8000,'empty',NULL),(1802,361,'Room 2',8000,'empty',NULL),(1803,361,'Room 3',8000,'empty',NULL),(1804,361,'Room 4',8000,'empty',NULL),(1805,361,'Room 5',8000,'empty',NULL),(1806,362,'Room 1',8000,'empty',NULL),(1807,362,'Room 2',8000,'empty',NULL),(1808,362,'Room 3',8000,'empty',NULL),(1809,362,'Room 4',8000,'empty',NULL),(1810,362,'Room 5',8000,'empty',NULL),(1811,363,'Room 1',8000,'empty',NULL),(1812,363,'Room 2',8000,'empty',NULL),(1813,363,'Room 3',8000,'empty',NULL),(1814,363,'Room 4',8000,'empty',NULL),(1815,363,'Room 5',8000,'empty',NULL),(1816,364,'Room 1',8000,'empty',NULL),(1817,364,'Room 2',8000,'empty',NULL),(1818,364,'Room 3',8000,'empty',NULL),(1819,364,'Room 4',8000,'empty',NULL),(1820,364,'Room 5',8000,'empty',NULL),(1821,365,'Room 1',8000,'empty',NULL),(1822,365,'Room 2',8000,'empty',NULL),(1823,365,'Room 3',8000,'empty',NULL),(1824,365,'Room 4',8000,'empty',NULL),(1825,365,'Room 5',8000,'empty',NULL),(1826,366,'Room 1',8000,'empty',NULL),(1827,366,'Room 2',8000,'empty',NULL),(1828,366,'Room 3',8000,'empty',NULL),(1829,366,'Room 4',8000,'empty',NULL),(1830,366,'Room 5',8000,'empty',NULL),(1831,367,'Room 1',8000,'empty',NULL),(1832,367,'Room 2',8000,'empty',NULL),(1833,367,'Room 3',8000,'empty',NULL),(1834,367,'Room 4',8000,'empty',NULL),(1835,367,'Room 5',8000,'empty',NULL),(1836,368,'Room 1',8000,'empty',NULL),(1837,368,'Room 2',8000,'empty',NULL),(1838,368,'Room 3',8000,'empty',NULL),(1839,368,'Room 4',8000,'empty',NULL),(1840,368,'Room 5',8000,'empty',NULL),(1841,369,'Room 1',8000,'empty',NULL),(1842,369,'Room 2',8000,'empty',NULL),(1843,369,'Room 3',8000,'empty',NULL),(1844,369,'Room 4',8000,'empty',NULL),(1845,369,'Room 5',8000,'empty',NULL),(1846,370,'Room 1',8000,'empty',NULL),(1847,370,'Room 2',8000,'empty',NULL),(1848,370,'Room 3',8000,'empty',NULL),(1849,370,'Room 4',8000,'empty',NULL),(1850,370,'Room 5',8000,'empty',NULL),(1851,371,'Room 1',8000,'empty',NULL),(1852,371,'Room 2',8000,'empty',NULL),(1853,371,'Room 3',8000,'empty',NULL),(1854,371,'Room 4',8000,'empty',NULL),(1855,371,'Room 5',8000,'empty',NULL),(1856,372,'Room 1',8000,'empty',NULL),(1857,372,'Room 2',8000,'empty',NULL),(1858,372,'Room 3',8000,'empty',NULL),(1859,372,'Room 4',8000,'empty',NULL),(1860,372,'Room 5',8000,'empty',NULL),(1861,373,'Room 1',8000,'empty',NULL),(1862,373,'Room 2',8000,'empty',NULL),(1863,373,'Room 3',8000,'empty',NULL),(1864,373,'Room 4',8000,'empty',NULL),(1865,373,'Room 5',8000,'empty',NULL),(1866,374,'Room 1',8000,'empty',NULL),(1867,374,'Room 2',8000,'empty',NULL),(1868,374,'Room 3',8000,'empty',NULL),(1869,374,'Room 4',8000,'empty',NULL),(1870,374,'Room 5',8000,'empty',NULL),(1871,375,'Room 1',8000,'empty',NULL),(1872,375,'Room 2',8000,'empty',NULL),(1873,375,'Room 3',8000,'empty',NULL),(1874,375,'Room 4',8000,'empty',NULL),(1875,375,'Room 5',8000,'empty',NULL),(1876,376,'Room 1',8000,'empty',NULL),(1877,376,'Room 2',8000,'empty',NULL),(1878,376,'Room 3',8000,'empty',NULL),(1879,376,'Room 4',8000,'empty',NULL),(1880,376,'Room 5',8000,'empty',NULL),(1881,377,'Room 1',8000,'empty',NULL),(1882,377,'Room 2',8000,'empty',NULL),(1883,377,'Room 3',8000,'empty',NULL),(1884,377,'Room 4',8000,'empty',NULL),(1885,377,'Room 5',8000,'empty',NULL),(1886,378,'Room 1',8000,'empty',NULL),(1887,378,'Room 2',8000,'empty',NULL),(1888,378,'Room 3',8000,'empty',NULL),(1889,378,'Room 4',8000,'empty',NULL),(1890,378,'Room 5',8000,'empty',NULL),(1891,379,'Room 1',8000,'empty',NULL),(1892,379,'Room 2',8000,'empty',NULL),(1893,379,'Room 3',8000,'empty',NULL),(1894,379,'Room 4',8000,'empty',NULL),(1895,379,'Room 5',8000,'empty',NULL),(1896,380,'Room 1',8000,'empty',NULL),(1897,380,'Room 2',8000,'empty',NULL),(1898,380,'Room 3',8000,'empty',NULL),(1899,380,'Room 4',8000,'empty',NULL),(1900,380,'Room 5',8000,'empty',NULL),(1901,381,'Room 1',8000,'empty',NULL),(1902,381,'Room 2',8000,'empty',NULL),(1903,381,'Room 3',8000,'empty',NULL),(1904,381,'Room 4',8000,'empty',NULL),(1905,381,'Room 5',8000,'empty',NULL),(1906,382,'Room 1',8000,'empty',NULL),(1907,382,'Room 2',8000,'empty',NULL),(1908,382,'Room 3',8000,'empty',NULL),(1909,382,'Room 4',8000,'empty',NULL),(1910,382,'Room 5',8000,'empty',NULL),(1911,383,'Room 1',8000,'empty',NULL),(1912,383,'Room 2',8000,'empty',NULL),(1913,383,'Room 3',8000,'empty',NULL),(1914,383,'Room 4',8000,'empty',NULL),(1915,383,'Room 5',8000,'empty',NULL),(1916,384,'Room 1',8000,'empty',NULL),(1917,384,'Room 2',8000,'empty',NULL),(1918,384,'Room 3',8000,'empty',NULL),(1919,384,'Room 4',8000,'empty',NULL),(1920,384,'Room 5',8000,'empty',NULL),(1921,385,'Room 1',8000,'empty',NULL),(1922,385,'Room 2',8000,'empty',NULL),(1923,385,'Room 3',8000,'empty',NULL),(1924,385,'Room 4',8000,'empty',NULL),(1925,385,'Room 5',8000,'empty',NULL),(1926,386,'Room 1',8000,'empty',NULL),(1927,386,'Room 2',8000,'empty',NULL),(1928,386,'Room 3',8000,'empty',NULL),(1929,386,'Room 4',8000,'empty',NULL),(1930,386,'Room 5',8000,'empty',NULL),(1931,387,'Room 1',8000,'empty',NULL),(1932,387,'Room 2',8000,'empty',NULL),(1933,387,'Room 3',8000,'empty',NULL),(1934,387,'Room 4',8000,'empty',NULL),(1935,387,'Room 5',8000,'empty',NULL),(1936,388,'Room 1',8000,'empty',NULL),(1937,388,'Room 2',8000,'empty',NULL),(1938,388,'Room 3',8000,'empty',NULL),(1939,388,'Room 4',8000,'empty',NULL),(1940,388,'Room 5',8000,'empty',NULL),(1941,389,'Room 1',8000,'empty',NULL),(1942,389,'Room 2',8000,'empty',NULL),(1943,389,'Room 3',8000,'empty',NULL),(1944,389,'Room 4',8000,'empty',NULL),(1945,389,'Room 5',8000,'empty',NULL),(1946,390,'Room 1',8000,'empty',NULL),(1947,390,'Room 2',8000,'empty',NULL),(1948,390,'Room 3',8000,'empty',NULL),(1949,390,'Room 4',8000,'empty',NULL),(1950,390,'Room 5',8000,'empty',NULL),(1951,391,'Room 1',8000,'empty',NULL),(1952,391,'Room 2',8000,'empty',NULL),(1953,391,'Room 3',8000,'empty',NULL),(1954,391,'Room 4',8000,'empty',NULL),(1955,391,'Room 5',8000,'empty',NULL),(1956,392,'Room 1',8000,'empty',NULL),(1957,392,'Room 2',8000,'empty',NULL),(1958,392,'Room 3',8000,'empty',NULL),(1959,392,'Room 4',8000,'empty',NULL),(1960,392,'Room 5',8000,'empty',NULL),(1961,393,'Room 1',8000,'empty',NULL),(1962,393,'Room 2',8000,'empty',NULL),(1963,393,'Room 3',8000,'empty',NULL),(1964,393,'Room 4',8000,'empty',NULL),(1965,393,'Room 5',8000,'empty',NULL),(1966,394,'Room 1',8000,'empty',NULL),(1967,394,'Room 2',8000,'empty',NULL),(1968,394,'Room 3',8000,'empty',NULL),(1969,394,'Room 4',8000,'empty',NULL),(1970,394,'Room 5',8000,'empty',NULL),(1971,395,'Room 1',8000,'empty',NULL),(1972,395,'Room 2',8000,'empty',NULL),(1973,395,'Room 3',8000,'empty',NULL),(1974,395,'Room 4',8000,'empty',NULL),(1975,395,'Room 5',8000,'empty',NULL),(1976,396,'Room 1',8000,'empty',NULL),(1977,396,'Room 2',8000,'empty',NULL),(1978,396,'Room 3',8000,'empty',NULL),(1979,396,'Room 4',8000,'empty',NULL),(1980,396,'Room 5',8000,'empty',NULL),(1981,397,'Room 1',8000,'empty',NULL),(1982,397,'Room 2',8000,'empty',NULL),(1983,397,'Room 3',8000,'empty',NULL),(1984,397,'Room 4',8000,'empty',NULL),(1985,397,'Room 5',8000,'empty',NULL),(1986,398,'Room 1',8000,'empty',NULL),(1987,398,'Room 2',8000,'empty',NULL),(1988,398,'Room 3',8000,'empty',NULL),(1989,398,'Room 4',8000,'empty',NULL),(1990,398,'Room 5',8000,'empty',NULL),(1991,399,'Room 1',8000,'empty',NULL),(1992,399,'Room 2',8000,'empty',NULL),(1993,399,'Room 3',8000,'empty',NULL),(1994,399,'Room 4',8000,'empty',NULL),(1995,399,'Room 5',8000,'empty',NULL),(1996,400,'Room 1',8000,'empty',NULL),(1997,400,'Room 2',8000,'empty',NULL),(1998,400,'Room 3',8000,'empty',NULL),(1999,400,'Room 4',8000,'empty',NULL),(2000,400,'Room 5',8000,'empty',NULL),(2001,401,'Room 1',8000,'empty',NULL),(2002,401,'Room 2',8000,'empty',NULL),(2003,401,'Room 3',8000,'empty',NULL),(2004,401,'Room 4',8000,'empty',NULL),(2005,401,'Room 5',8000,'empty',NULL),(2006,402,'Room 1',8000,'empty',NULL),(2007,402,'Room 2',8000,'empty',NULL),(2008,402,'Room 3',8000,'empty',NULL),(2009,402,'Room 4',8000,'empty',NULL),(2010,402,'Room 5',8000,'empty',NULL),(2011,403,'Room 1',8000,'empty',NULL),(2012,403,'Room 2',8000,'empty',NULL),(2013,403,'Room 3',8000,'empty',NULL),(2014,403,'Room 4',8000,'empty',NULL),(2015,403,'Room 5',8000,'empty',NULL),(2016,404,'Room 1',8000,'empty',NULL),(2017,404,'Room 2',8000,'empty',NULL),(2018,404,'Room 3',8000,'empty',NULL),(2019,404,'Room 4',8000,'empty',NULL),(2020,404,'Room 5',8000,'empty',NULL),(2021,405,'Room 1',8000,'empty',NULL),(2022,405,'Room 2',8000,'empty',NULL),(2023,405,'Room 3',8000,'empty',NULL),(2024,405,'Room 4',8000,'empty',NULL),(2025,405,'Room 5',8000,'empty',NULL),(2026,406,'Room 1',8000,'empty',NULL),(2027,406,'Room 2',8000,'empty',NULL),(2028,406,'Room 3',8000,'empty',NULL),(2029,406,'Room 4',8000,'empty',NULL),(2030,406,'Room 5',8000,'empty',NULL),(2031,407,'Room 1',8000,'empty',NULL),(2032,407,'Room 2',8000,'empty',NULL),(2033,407,'Room 3',8000,'empty',NULL),(2034,407,'Room 4',8000,'empty',NULL),(2035,407,'Room 5',8000,'empty',NULL),(2036,408,'Room 1',8000,'empty',NULL),(2037,408,'Room 2',8000,'empty',NULL),(2038,408,'Room 3',8000,'empty',NULL),(2039,408,'Room 4',8000,'empty',NULL),(2040,408,'Room 5',8000,'empty',NULL),(2041,409,'Room 1',8000,'empty',NULL),(2042,409,'Room 2',8000,'empty',NULL),(2043,409,'Room 3',8000,'empty',NULL),(2044,409,'Room 4',8000,'empty',NULL),(2045,409,'Room 5',8000,'empty',NULL),(2046,410,'Room 1',8000,'empty',NULL),(2047,410,'Room 2',8000,'empty',NULL),(2048,410,'Room 3',8000,'empty',NULL),(2049,410,'Room 4',8000,'empty',NULL),(2050,410,'Room 5',8000,'empty',NULL),(2051,411,'Room 1',8000,'empty',NULL),(2052,411,'Room 2',8000,'empty',NULL),(2053,411,'Room 3',8000,'empty',NULL),(2054,411,'Room 4',8000,'empty',NULL),(2055,411,'Room 5',8000,'empty',NULL),(2056,412,'Room 1',8000,'empty',NULL),(2057,412,'Room 2',8000,'empty',NULL),(2058,412,'Room 3',8000,'empty',NULL),(2059,412,'Room 4',8000,'empty',NULL),(2060,412,'Room 5',8000,'empty',NULL),(2061,413,'Room 1',8000,'empty',NULL),(2062,413,'Room 2',8000,'empty',NULL),(2063,413,'Room 3',8000,'empty',NULL),(2064,413,'Room 4',8000,'empty',NULL),(2065,413,'Room 5',8000,'empty',NULL),(2066,414,'Room 1',8000,'empty',NULL),(2067,414,'Room 2',8000,'empty',NULL),(2068,414,'Room 3',8000,'empty',NULL),(2069,414,'Room 4',8000,'empty',NULL),(2070,414,'Room 5',8000,'empty',NULL),(2071,415,'Room 1',8000,'empty',NULL),(2072,415,'Room 2',8000,'empty',NULL),(2073,415,'Room 3',8000,'empty',NULL),(2074,415,'Room 4',8000,'empty',NULL),(2075,415,'Room 5',8000,'empty',NULL),(2076,416,'Room 1',8000,'empty',NULL),(2077,416,'Room 2',8000,'empty',NULL),(2078,416,'Room 3',8000,'empty',NULL),(2079,416,'Room 4',8000,'empty',NULL),(2080,416,'Room 5',8000,'empty',NULL),(2081,417,'Room 1',8000,'empty',NULL),(2082,417,'Room 2',8000,'empty',NULL),(2083,417,'Room 3',8000,'empty',NULL),(2084,417,'Room 4',8000,'empty',NULL),(2085,417,'Room 5',8000,'empty',NULL),(2086,418,'Room 1',8000,'empty',NULL),(2087,418,'Room 2',8000,'empty',NULL),(2088,418,'Room 3',8000,'empty',NULL),(2089,418,'Room 4',8000,'empty',NULL),(2090,418,'Room 5',8000,'empty',NULL),(2091,419,'Room 1',8000,'empty',NULL),(2092,419,'Room 2',8000,'empty',NULL),(2093,419,'Room 3',8000,'empty',NULL),(2094,419,'Room 4',8000,'empty',NULL),(2095,419,'Room 5',8000,'empty',NULL),(2096,420,'Room 1',8000,'empty',NULL),(2097,420,'Room 2',8000,'empty',NULL),(2098,420,'Room 3',8000,'empty',NULL),(2099,420,'Room 4',8000,'empty',NULL),(2100,420,'Room 5',8000,'empty',NULL),(2101,421,'Room 1',8000,'empty',NULL),(2102,421,'Room 2',8000,'empty',NULL),(2103,421,'Room 3',8000,'empty',NULL),(2104,421,'Room 4',8000,'empty',NULL),(2105,421,'Room 5',8000,'empty',NULL),(2106,422,'Room 1',8000,'empty',NULL),(2107,422,'Room 2',8000,'empty',NULL),(2108,422,'Room 3',8000,'empty',NULL),(2109,422,'Room 4',8000,'empty',NULL),(2110,422,'Room 5',8000,'empty',NULL),(2111,423,'Room 1',8000,'empty',NULL),(2112,423,'Room 2',8000,'empty',NULL),(2113,423,'Room 3',8000,'empty',NULL),(2114,423,'Room 4',8000,'empty',NULL),(2115,423,'Room 5',8000,'empty',NULL),(2116,424,'Room 1',8000,'empty',NULL),(2117,424,'Room 2',8000,'empty',NULL),(2118,424,'Room 3',8000,'empty',NULL),(2119,424,'Room 4',8000,'empty',NULL),(2120,424,'Room 5',8000,'empty',NULL),(2121,425,'Room 1',8000,'empty',NULL),(2122,425,'Room 2',8000,'empty',NULL),(2123,425,'Room 3',8000,'empty',NULL),(2124,425,'Room 4',8000,'empty',NULL),(2125,425,'Room 5',8000,'empty',NULL),(2126,426,'Room 1',8000,'empty',NULL),(2127,426,'Room 2',8000,'empty',NULL),(2128,426,'Room 3',8000,'empty',NULL),(2129,426,'Room 4',8000,'empty',NULL),(2130,426,'Room 5',8000,'empty',NULL),(2131,427,'Room 1',8000,'empty',NULL),(2132,427,'Room 2',8000,'empty',NULL),(2133,427,'Room 3',8000,'empty',NULL),(2134,427,'Room 4',8000,'empty',NULL),(2135,427,'Room 5',8000,'empty',NULL),(2136,428,'Room 1',8000,'empty',NULL),(2137,428,'Room 2',8000,'empty',NULL),(2138,428,'Room 3',8000,'empty',NULL),(2139,428,'Room 4',8000,'empty',NULL),(2140,428,'Room 5',8000,'empty',NULL),(2141,429,'Room 1',8000,'empty',NULL),(2142,429,'Room 2',8000,'empty',NULL),(2143,429,'Room 3',8000,'empty',NULL),(2144,429,'Room 4',8000,'empty',NULL),(2145,429,'Room 5',8000,'empty',NULL),(2146,430,'Room 1',8000,'empty',NULL),(2147,430,'Room 2',8000,'empty',NULL),(2148,430,'Room 3',8000,'empty',NULL),(2149,430,'Room 4',8000,'empty',NULL),(2150,430,'Room 5',8000,'empty',NULL),(2151,431,'Room 1',8000,'empty',NULL),(2152,431,'Room 2',8000,'empty',NULL),(2153,431,'Room 3',8000,'empty',NULL),(2154,431,'Room 4',8000,'empty',NULL),(2155,431,'Room 5',8000,'empty',NULL),(2156,432,'Room 1',8000,'empty',NULL),(2157,432,'Room 2',8000,'empty',NULL),(2158,432,'Room 3',8000,'empty',NULL),(2159,432,'Room 4',8000,'empty',NULL),(2160,432,'Room 5',8000,'empty',NULL),(2161,433,'Room 1',8000,'empty',NULL),(2162,433,'Room 2',8000,'empty',NULL),(2163,433,'Room 3',8000,'empty',NULL),(2164,433,'Room 4',8000,'empty',NULL),(2165,433,'Room 5',8000,'empty',NULL),(2166,434,'Room 1',8000,'empty',NULL),(2167,434,'Room 2',8000,'empty',NULL),(2168,434,'Room 3',8000,'empty',NULL),(2169,434,'Room 4',8000,'empty',NULL),(2170,434,'Room 5',8000,'empty',NULL),(2171,435,'Room 1',8000,'empty',NULL),(2172,435,'Room 2',8000,'empty',NULL),(2173,435,'Room 3',8000,'empty',NULL),(2174,435,'Room 4',8000,'empty',NULL),(2175,435,'Room 5',8000,'empty',NULL),(2176,436,'Room 1',8000,'empty',NULL),(2177,436,'Room 2',8000,'empty',NULL),(2178,436,'Room 3',8000,'empty',NULL),(2179,436,'Room 4',8000,'empty',NULL),(2180,436,'Room 5',8000,'empty',NULL),(2181,437,'Room 1',8000,'empty',NULL),(2182,437,'Room 2',8000,'empty',NULL),(2183,437,'Room 3',8000,'empty',NULL),(2184,437,'Room 4',8000,'empty',NULL),(2185,437,'Room 5',8000,'empty',NULL),(2186,438,'Room 1',8000,'empty',NULL),(2187,438,'Room 2',8000,'empty',NULL),(2188,438,'Room 3',8000,'empty',NULL),(2189,438,'Room 4',8000,'empty',NULL),(2190,438,'Room 5',8000,'empty',NULL),(2191,439,'Room 1',8000,'empty',NULL),(2192,439,'Room 2',8000,'empty',NULL),(2193,439,'Room 3',8000,'empty',NULL),(2194,439,'Room 4',8000,'empty',NULL),(2195,439,'Room 5',8000,'empty',NULL),(2196,440,'Room 1',8000,'empty',NULL),(2197,440,'Room 2',8000,'empty',NULL),(2198,440,'Room 3',8000,'empty',NULL),(2199,440,'Room 4',8000,'empty',NULL),(2200,440,'Room 5',8000,'empty',NULL),(2201,441,'Room 1',8000,'empty',NULL),(2202,441,'Room 2',8000,'empty',NULL),(2203,441,'Room 3',8000,'empty',NULL),(2204,441,'Room 4',8000,'empty',NULL),(2205,441,'Room 5',8000,'empty',NULL),(2206,442,'Room 1',8000,'empty',NULL),(2207,442,'Room 2',8000,'empty',NULL),(2208,442,'Room 3',8000,'empty',NULL),(2209,442,'Room 4',8000,'empty',NULL),(2210,442,'Room 5',8000,'empty',NULL),(2211,443,'Room 1',8000,'empty',NULL),(2212,443,'Room 2',8000,'empty',NULL),(2213,443,'Room 3',8000,'empty',NULL),(2214,443,'Room 4',8000,'empty',NULL),(2215,443,'Room 5',8000,'empty',NULL),(2216,444,'Room 1',8000,'empty',NULL),(2217,444,'Room 2',8000,'empty',NULL),(2218,444,'Room 3',8000,'empty',NULL),(2219,444,'Room 4',8000,'empty',NULL),(2220,444,'Room 5',8000,'empty',NULL),(2221,445,'Room 1',8000,'empty',NULL),(2222,445,'Room 2',8000,'empty',NULL),(2223,445,'Room 3',8000,'empty',NULL),(2224,445,'Room 4',8000,'empty',NULL),(2225,445,'Room 5',8000,'empty',NULL),(2226,446,'Room 1',8000,'empty',NULL),(2227,446,'Room 2',8000,'empty',NULL),(2228,446,'Room 3',8000,'empty',NULL),(2229,446,'Room 4',8000,'empty',NULL),(2230,446,'Room 5',8000,'empty',NULL),(2231,447,'Room 1',8000,'empty',NULL),(2232,447,'Room 2',8000,'empty',NULL),(2233,447,'Room 3',8000,'empty',NULL),(2234,447,'Room 4',8000,'empty',NULL),(2235,447,'Room 5',8000,'empty',NULL),(2236,448,'Room 1',8000,'empty',NULL),(2237,448,'Room 2',8000,'empty',NULL),(2238,448,'Room 3',8000,'empty',NULL),(2239,448,'Room 4',8000,'empty',NULL),(2240,448,'Room 5',8000,'empty',NULL),(2241,449,'Room 1',8000,'empty',NULL),(2242,449,'Room 2',8000,'empty',NULL),(2243,449,'Room 3',8000,'empty',NULL),(2244,449,'Room 4',8000,'empty',NULL),(2245,449,'Room 5',8000,'empty',NULL),(2246,450,'Room 1',8000,'empty',NULL),(2247,450,'Room 2',8000,'empty',NULL),(2248,450,'Room 3',8000,'empty',NULL),(2249,450,'Room 4',8000,'empty',NULL),(2250,450,'Room 5',8000,'empty',NULL),(2251,451,'Room 1',8000,'empty',NULL),(2252,451,'Room 2',8000,'empty',NULL),(2253,451,'Room 3',8000,'empty',NULL),(2254,451,'Room 4',8000,'empty',NULL),(2255,451,'Room 5',8000,'empty',NULL),(2256,452,'Room 1',8000,'empty',NULL),(2257,452,'Room 2',8000,'empty',NULL),(2258,452,'Room 3',8000,'empty',NULL),(2259,452,'Room 4',8000,'empty',NULL),(2260,452,'Room 5',8000,'empty',NULL),(2261,453,'Room 1',8000,'empty',NULL),(2262,453,'Room 2',8000,'empty',NULL),(2263,453,'Room 3',8000,'empty',NULL),(2264,453,'Room 4',8000,'empty',NULL),(2265,453,'Room 5',8000,'empty',NULL),(2266,454,'Room 1',8000,'empty',NULL),(2267,454,'Room 2',8000,'empty',NULL),(2268,454,'Room 3',8000,'empty',NULL),(2269,454,'Room 4',8000,'empty',NULL),(2270,454,'Room 5',8000,'empty',NULL),(2271,455,'Room 1',8000,'empty',NULL),(2272,455,'Room 2',8000,'empty',NULL),(2273,455,'Room 3',8000,'empty',NULL),(2274,455,'Room 4',8000,'empty',NULL),(2275,455,'Room 5',8000,'empty',NULL),(2276,456,'Room 1',8000,'empty',NULL),(2277,456,'Room 2',8000,'empty',NULL),(2278,456,'Room 3',8000,'empty',NULL),(2279,456,'Room 4',8000,'empty',NULL),(2280,456,'Room 5',8000,'empty',NULL),(2281,457,'Room 1',8000,'empty',NULL),(2282,457,'Room 2',8000,'empty',NULL),(2283,457,'Room 3',8000,'empty',NULL),(2284,457,'Room 4',8000,'empty',NULL),(2285,457,'Room 5',8000,'empty',NULL),(2286,458,'Room 1',8000,'empty',NULL),(2287,458,'Room 2',8000,'empty',NULL),(2288,458,'Room 3',8000,'empty',NULL),(2289,458,'Room 4',8000,'empty',NULL),(2290,458,'Room 5',8000,'empty',NULL),(2291,459,'Room 1',8000,'empty',NULL),(2292,459,'Room 2',8000,'empty',NULL),(2293,459,'Room 3',8000,'empty',NULL),(2294,459,'Room 4',8000,'empty',NULL),(2295,459,'Room 5',8000,'empty',NULL),(2296,460,'Room 1',8000,'empty',NULL),(2297,460,'Room 2',8000,'empty',NULL),(2298,460,'Room 3',8000,'empty',NULL),(2299,460,'Room 4',8000,'empty',NULL),(2300,460,'Room 5',8000,'empty',NULL),(2301,461,'Room 1',8000,'empty',NULL),(2302,461,'Room 2',8000,'empty',NULL),(2303,461,'Room 3',8000,'empty',NULL),(2304,461,'Room 4',8000,'empty',NULL),(2305,461,'Room 5',8000,'empty',NULL),(2306,462,'Room 1',8000,'empty',NULL),(2307,462,'Room 2',8000,'empty',NULL),(2308,462,'Room 3',8000,'empty',NULL),(2309,462,'Room 4',8000,'empty',NULL),(2310,462,'Room 5',8000,'empty',NULL),(2311,463,'Room 1',8000,'empty',NULL),(2312,463,'Room 2',8000,'empty',NULL),(2313,463,'Room 3',8000,'empty',NULL),(2314,463,'Room 4',8000,'empty',NULL),(2315,463,'Room 5',8000,'empty',NULL),(2316,464,'Room 1',8000,'empty',NULL),(2317,464,'Room 2',8000,'empty',NULL),(2318,464,'Room 3',8000,'empty',NULL),(2319,464,'Room 4',8000,'empty',NULL),(2320,464,'Room 5',8000,'empty',NULL),(2321,465,'Room 1',8000,'empty',NULL),(2322,465,'Room 2',8000,'empty',NULL),(2323,465,'Room 3',8000,'empty',NULL),(2324,465,'Room 4',8000,'empty',NULL),(2325,465,'Room 5',8000,'empty',NULL),(2326,466,'Room 1',8000,'empty',NULL),(2327,466,'Room 2',8000,'empty',NULL),(2328,466,'Room 3',8000,'empty',NULL),(2329,466,'Room 4',8000,'empty',NULL),(2330,466,'Room 5',8000,'empty',NULL),(2331,467,'Room 1',8000,'empty',NULL),(2332,467,'Room 2',8000,'empty',NULL),(2333,467,'Room 3',8000,'empty',NULL),(2334,467,'Room 4',8000,'empty',NULL),(2335,467,'Room 5',8000,'empty',NULL),(2336,468,'Room 1',8000,'empty',NULL),(2337,468,'Room 2',8000,'empty',NULL),(2338,468,'Room 3',8000,'empty',NULL),(2339,468,'Room 4',8000,'empty',NULL),(2340,468,'Room 5',8000,'empty',NULL),(2341,469,'Room 1',8000,'empty',NULL),(2342,469,'Room 2',8000,'empty',NULL),(2343,469,'Room 3',8000,'empty',NULL),(2344,469,'Room 4',8000,'empty',NULL),(2345,469,'Room 5',8000,'empty',NULL),(2346,470,'Room 1',8000,'empty',NULL),(2347,470,'Room 2',8000,'empty',NULL),(2348,470,'Room 3',8000,'empty',NULL),(2349,470,'Room 4',8000,'empty',NULL),(2350,470,'Room 5',8000,'empty',NULL),(2351,471,'Room 1',8000,'empty',NULL),(2352,471,'Room 2',8000,'empty',NULL),(2353,471,'Room 3',8000,'empty',NULL),(2354,471,'Room 4',8000,'empty',NULL),(2355,471,'Room 5',8000,'empty',NULL),(2356,472,'Room 1',8000,'empty',NULL),(2357,472,'Room 2',8000,'empty',NULL),(2358,472,'Room 3',8000,'empty',NULL),(2359,472,'Room 4',8000,'empty',NULL),(2360,472,'Room 5',8000,'empty',NULL),(2361,473,'Room 1',8000,'empty',NULL),(2362,473,'Room 2',8000,'empty',NULL),(2363,473,'Room 3',8000,'empty',NULL),(2364,473,'Room 4',8000,'empty',NULL),(2365,473,'Room 5',8000,'empty',NULL),(2366,474,'Room 1',8000,'empty',NULL),(2367,474,'Room 2',8000,'empty',NULL),(2368,474,'Room 3',8000,'empty',NULL),(2369,474,'Room 4',8000,'empty',NULL),(2370,474,'Room 5',8000,'empty',NULL),(2371,475,'Room 1',8000,'empty',NULL),(2372,475,'Room 2',8000,'empty',NULL),(2373,475,'Room 3',8000,'empty',NULL),(2374,475,'Room 4',8000,'empty',NULL),(2375,475,'Room 5',8000,'empty',NULL),(2376,476,'Room 1',8000,'empty',NULL),(2377,476,'Room 2',8000,'empty',NULL),(2378,476,'Room 3',8000,'empty',NULL),(2379,476,'Room 4',8000,'empty',NULL),(2380,476,'Room 5',8000,'empty',NULL),(2381,477,'Room 1',8000,'empty',NULL),(2382,477,'Room 2',8000,'empty',NULL),(2383,477,'Room 3',8000,'empty',NULL),(2384,477,'Room 4',8000,'empty',NULL),(2385,477,'Room 5',8000,'empty',NULL),(2386,478,'Room 1',8000,'empty',NULL),(2387,478,'Room 2',8000,'empty',NULL),(2388,478,'Room 3',8000,'empty',NULL),(2389,478,'Room 4',8000,'empty',NULL),(2390,478,'Room 5',8000,'empty',NULL),(2391,479,'Room 1',8000,'empty',NULL),(2392,479,'Room 2',8000,'empty',NULL),(2393,479,'Room 3',8000,'empty',NULL),(2394,479,'Room 4',8000,'empty',NULL),(2395,479,'Room 5',8000,'empty',NULL),(2396,480,'Room 1',8000,'empty',NULL),(2397,480,'Room 2',8000,'empty',NULL),(2398,480,'Room 3',8000,'empty',NULL),(2399,480,'Room 4',8000,'empty',NULL),(2400,480,'Room 5',8000,'empty',NULL),(2401,481,'Room 1',8000,'empty',NULL),(2402,481,'Room 2',8000,'empty',NULL),(2403,481,'Room 3',8000,'empty',NULL),(2404,481,'Room 4',8000,'empty',NULL),(2405,481,'Room 5',8000,'empty',NULL),(2406,482,'Room 1',8000,'empty',NULL),(2407,482,'Room 2',8000,'empty',NULL),(2408,482,'Room 3',8000,'empty',NULL),(2409,482,'Room 4',8000,'empty',NULL),(2410,482,'Room 5',8000,'empty',NULL),(2411,483,'Room 1',8000,'empty',NULL),(2412,483,'Room 2',8000,'empty',NULL),(2413,483,'Room 3',8000,'empty',NULL),(2414,483,'Room 4',8000,'empty',NULL),(2415,483,'Room 5',8000,'empty',NULL),(2416,484,'Room 1',8000,'empty',NULL),(2417,484,'Room 2',8000,'empty',NULL),(2418,484,'Room 3',8000,'empty',NULL),(2419,484,'Room 4',8000,'empty',NULL),(2420,484,'Room 5',8000,'empty',NULL),(2421,485,'Room 1',8000,'empty',NULL),(2422,485,'Room 2',8000,'empty',NULL),(2423,485,'Room 3',8000,'empty',NULL),(2424,485,'Room 4',8000,'empty',NULL),(2425,485,'Room 5',8000,'empty',NULL),(2426,486,'Room 1',8000,'empty',NULL),(2427,486,'Room 2',8000,'empty',NULL),(2428,486,'Room 3',8000,'empty',NULL),(2429,486,'Room 4',8000,'empty',NULL),(2430,486,'Room 5',8000,'empty',NULL),(2431,487,'Room 1',8000,'empty',NULL),(2432,487,'Room 2',8000,'empty',NULL),(2433,487,'Room 3',8000,'empty',NULL),(2434,487,'Room 4',8000,'empty',NULL),(2435,487,'Room 5',8000,'empty',NULL),(2436,488,'Room 1',8000,'empty',NULL),(2437,488,'Room 2',8000,'empty',NULL),(2438,488,'Room 3',8000,'empty',NULL),(2439,488,'Room 4',8000,'empty',NULL),(2440,488,'Room 5',8000,'empty',NULL),(2441,489,'Room 1',8000,'empty',NULL),(2442,489,'Room 2',8000,'empty',NULL),(2443,489,'Room 3',8000,'empty',NULL),(2444,489,'Room 4',8000,'empty',NULL),(2445,489,'Room 5',8000,'empty',NULL),(2446,490,'Room 1',8000,'empty',NULL),(2447,490,'Room 2',8000,'empty',NULL),(2448,490,'Room 3',8000,'empty',NULL),(2449,490,'Room 4',8000,'empty',NULL),(2450,490,'Room 5',8000,'empty',NULL),(2451,491,'Room 1',8000,'empty',NULL),(2452,491,'Room 2',8000,'empty',NULL),(2453,491,'Room 3',8000,'empty',NULL),(2454,491,'Room 4',8000,'empty',NULL),(2455,491,'Room 5',8000,'empty',NULL),(2456,492,'Room 1',8000,'empty',NULL),(2457,492,'Room 2',8000,'empty',NULL),(2458,492,'Room 3',8000,'empty',NULL),(2459,492,'Room 4',8000,'empty',NULL),(2460,492,'Room 5',8000,'empty',NULL),(2461,493,'Room 1',8000,'empty',NULL),(2462,493,'Room 2',8000,'empty',NULL),(2463,493,'Room 3',8000,'empty',NULL),(2464,493,'Room 4',8000,'empty',NULL),(2465,493,'Room 5',8000,'empty',NULL),(2466,494,'Room 1',8000,'empty',NULL),(2467,494,'Room 2',8000,'empty',NULL),(2468,494,'Room 3',8000,'empty',NULL),(2469,494,'Room 4',8000,'empty',NULL),(2470,494,'Room 5',8000,'empty',NULL),(2471,495,'Room 1',8000,'empty',NULL),(2472,495,'Room 2',8000,'empty',NULL),(2473,495,'Room 3',8000,'empty',NULL),(2474,495,'Room 4',8000,'empty',NULL),(2475,495,'Room 5',8000,'empty',NULL),(2476,496,'Room 1',8000,'empty',NULL),(2477,496,'Room 2',8000,'empty',NULL),(2478,496,'Room 3',8000,'empty',NULL),(2479,496,'Room 4',8000,'empty',NULL),(2480,496,'Room 5',8000,'empty',NULL),(2481,497,'Room 1',8000,'empty',NULL),(2482,497,'Room 2',8000,'empty',NULL),(2483,497,'Room 3',8000,'empty',NULL),(2484,497,'Room 4',8000,'empty',NULL),(2485,497,'Room 5',8000,'empty',NULL),(2486,498,'Room 1',8000,'empty',NULL),(2487,498,'Room 2',8000,'empty',NULL),(2488,498,'Room 3',8000,'empty',NULL),(2489,498,'Room 4',8000,'empty',NULL),(2490,498,'Room 5',8000,'empty',NULL),(2491,499,'Room 1',8000,'empty',NULL),(2492,499,'Room 2',8000,'empty',NULL),(2493,499,'Room 3',8000,'empty',NULL),(2494,499,'Room 4',8000,'empty',NULL),(2495,499,'Room 5',8000,'empty',NULL),(2496,500,'Room 1',8000,'empty',NULL),(2497,500,'Room 2',8000,'empty',NULL),(2498,500,'Room 3',8000,'empty',NULL),(2499,500,'Room 4',8000,'empty',NULL),(2500,500,'Room 5',8000,'empty',NULL),(2501,501,'Room 1',8000,'empty',NULL),(2502,501,'Room 2',8000,'empty',NULL),(2503,501,'Room 3',8000,'empty',NULL),(2504,501,'Room 4',8000,'empty',NULL),(2505,501,'Room 5',8000,'empty',NULL),(2506,502,'Room 1',8000,'empty',NULL),(2507,502,'Room 2',8000,'empty',NULL),(2508,502,'Room 3',8000,'empty',NULL),(2509,502,'Room 4',8000,'empty',NULL),(2510,502,'Room 5',8000,'empty',NULL),(2511,503,'Room 1',8000,'empty',NULL),(2512,503,'Room 2',8000,'empty',NULL),(2513,503,'Room 3',8000,'empty',NULL),(2514,503,'Room 4',8000,'empty',NULL),(2515,503,'Room 5',8000,'empty',NULL),(2516,504,'Room 1',8000,'empty',NULL),(2517,504,'Room 2',8000,'empty',NULL),(2518,504,'Room 3',8000,'empty',NULL),(2519,504,'Room 4',8000,'empty',NULL),(2520,504,'Room 5',8000,'empty',NULL),(2521,505,'Room 1',8000,'empty',NULL),(2522,505,'Room 2',8000,'empty',NULL),(2523,505,'Room 3',8000,'empty',NULL),(2524,505,'Room 4',8000,'empty',NULL),(2525,505,'Room 5',8000,'empty',NULL),(2526,506,'Room 1',8000,'empty',NULL),(2527,506,'Room 2',8000,'empty',NULL),(2528,506,'Room 3',8000,'empty',NULL),(2529,506,'Room 4',8000,'empty',NULL),(2530,506,'Room 5',8000,'empty',NULL),(2531,507,'Room 1',8000,'empty',NULL),(2532,507,'Room 2',8000,'empty',NULL),(2533,507,'Room 3',8000,'empty',NULL),(2534,507,'Room 4',8000,'empty',NULL),(2535,507,'Room 5',8000,'empty',NULL),(2536,508,'Room 1',8000,'empty',NULL),(2537,508,'Room 2',8000,'empty',NULL),(2538,508,'Room 3',8000,'empty',NULL),(2539,508,'Room 4',8000,'empty',NULL),(2540,508,'Room 5',8000,'empty',NULL),(2541,509,'Room 1',8000,'empty',NULL),(2542,509,'Room 2',8000,'empty',NULL),(2543,509,'Room 3',8000,'empty',NULL),(2544,509,'Room 4',8000,'empty',NULL),(2545,509,'Room 5',8000,'empty',NULL),(2546,510,'Room 1',8000,'empty',NULL),(2547,510,'Room 2',8000,'empty',NULL),(2548,510,'Room 3',8000,'empty',NULL),(2549,510,'Room 4',8000,'empty',NULL),(2550,510,'Room 5',8000,'empty',NULL),(2551,511,'Room 1',8000,'empty',NULL),(2552,511,'Room 2',8000,'empty',NULL),(2553,511,'Room 3',8000,'empty',NULL),(2554,511,'Room 4',8000,'empty',NULL),(2555,511,'Room 5',8000,'empty',NULL),(2556,512,'Room 1',8000,'empty',NULL),(2557,512,'Room 2',8000,'empty',NULL),(2558,512,'Room 3',8000,'empty',NULL),(2559,512,'Room 4',8000,'empty',NULL),(2560,512,'Room 5',8000,'empty',NULL),(2561,513,'Room 1',8000,'empty',NULL),(2562,513,'Room 2',8000,'empty',NULL),(2563,513,'Room 3',8000,'empty',NULL),(2564,513,'Room 4',8000,'empty',NULL),(2565,513,'Room 5',8000,'empty',NULL),(2566,514,'Room 1',8000,'empty',NULL),(2567,514,'Room 2',8000,'empty',NULL),(2568,514,'Room 3',8000,'empty',NULL),(2569,514,'Room 4',8000,'empty',NULL),(2570,514,'Room 5',8000,'empty',NULL),(2571,515,'Room 1',8000,'empty',NULL),(2572,515,'Room 2',8000,'empty',NULL),(2573,515,'Room 3',8000,'empty',NULL),(2574,515,'Room 4',8000,'empty',NULL),(2575,515,'Room 5',8000,'empty',NULL),(2576,516,'Room 1',8000,'empty',NULL),(2577,516,'Room 2',8000,'empty',NULL),(2578,516,'Room 3',8000,'empty',NULL),(2579,516,'Room 4',8000,'empty',NULL),(2580,516,'Room 5',8000,'empty',NULL),(2581,517,'Room 1',8000,'empty',NULL),(2582,517,'Room 2',8000,'empty',NULL),(2583,517,'Room 3',8000,'empty',NULL),(2584,517,'Room 4',8000,'empty',NULL),(2585,517,'Room 5',8000,'empty',NULL),(2586,518,'Room 1',8000,'empty',NULL),(2587,518,'Room 2',8000,'empty',NULL),(2588,518,'Room 3',8000,'empty',NULL),(2589,518,'Room 4',8000,'empty',NULL),(2590,518,'Room 5',8000,'empty',NULL),(2591,519,'Room 1',8000,'empty',NULL),(2592,519,'Room 2',8000,'empty',NULL),(2593,519,'Room 3',8000,'empty',NULL),(2594,519,'Room 4',8000,'empty',NULL),(2595,519,'Room 5',8000,'empty',NULL),(2596,520,'Room 1',8000,'empty',NULL),(2597,520,'Room 2',8000,'empty',NULL),(2598,520,'Room 3',8000,'empty',NULL),(2599,520,'Room 4',8000,'empty',NULL),(2600,520,'Room 5',8000,'empty',NULL),(2601,521,'Room 1',8000,'empty',NULL),(2602,521,'Room 2',8000,'empty',NULL),(2603,521,'Room 3',8000,'empty',NULL),(2604,521,'Room 4',8000,'empty',NULL),(2605,521,'Room 5',8000,'empty',NULL),(2606,522,'Room 1',8000,'empty',NULL),(2607,522,'Room 2',8000,'empty',NULL),(2608,522,'Room 3',8000,'empty',NULL),(2609,522,'Room 4',8000,'empty',NULL),(2610,522,'Room 5',8000,'empty',NULL),(2611,523,'Room 1',8000,'empty',NULL),(2612,523,'Room 2',8000,'empty',NULL),(2613,523,'Room 3',8000,'empty',NULL),(2614,523,'Room 4',8000,'empty',NULL),(2615,523,'Room 5',8000,'empty',NULL),(2616,524,'Room 1',8000,'empty',NULL),(2617,524,'Room 2',8000,'empty',NULL),(2618,524,'Room 3',8000,'empty',NULL),(2619,524,'Room 4',8000,'empty',NULL),(2620,524,'Room 5',8000,'empty',NULL),(2621,525,'Room 1',8000,'empty',NULL),(2622,525,'Room 2',8000,'empty',NULL),(2623,525,'Room 3',8000,'empty',NULL),(2624,525,'Room 4',8000,'empty',NULL),(2625,525,'Room 5',8000,'empty',NULL),(2626,526,'Room 1',8000,'empty',NULL),(2627,526,'Room 2',8000,'empty',NULL),(2628,526,'Room 3',8000,'empty',NULL),(2629,526,'Room 4',8000,'empty',NULL),(2630,526,'Room 5',8000,'empty',NULL),(2631,527,'Room 1',8000,'empty',NULL),(2632,527,'Room 2',8000,'empty',NULL),(2633,527,'Room 3',8000,'empty',NULL),(2634,527,'Room 4',8000,'empty',NULL),(2635,527,'Room 5',8000,'empty',NULL),(2636,528,'Room 1',8000,'empty',NULL),(2637,528,'Room 2',8000,'empty',NULL),(2638,528,'Room 3',8000,'empty',NULL),(2639,528,'Room 4',8000,'empty',NULL),(2640,528,'Room 5',8000,'empty',NULL),(2641,529,'Room 1',8000,'empty',NULL),(2642,529,'Room 2',8000,'empty',NULL),(2643,529,'Room 3',8000,'empty',NULL),(2644,529,'Room 4',8000,'empty',NULL),(2645,529,'Room 5',8000,'empty',NULL),(2646,530,'Room 1',8000,'empty',NULL),(2647,530,'Room 2',8000,'empty',NULL),(2648,530,'Room 3',8000,'empty',NULL),(2649,530,'Room 4',8000,'empty',NULL),(2650,530,'Room 5',8000,'empty',NULL),(2651,531,'Room 1',8000,'empty',NULL),(2652,531,'Room 2',8000,'empty',NULL),(2653,531,'Room 3',8000,'empty',NULL),(2654,531,'Room 4',8000,'empty',NULL),(2655,531,'Room 5',8000,'empty',NULL),(2656,532,'Room 1',8000,'empty',NULL),(2657,532,'Room 2',8000,'empty',NULL),(2658,532,'Room 3',8000,'empty',NULL),(2659,532,'Room 4',8000,'empty',NULL),(2660,532,'Room 5',8000,'empty',NULL),(2661,533,'Room 1',8000,'empty',NULL),(2662,533,'Room 2',8000,'empty',NULL),(2663,533,'Room 3',8000,'empty',NULL),(2664,533,'Room 4',8000,'empty',NULL),(2665,533,'Room 5',8000,'empty',NULL),(2666,534,'Room 1',8000,'empty',NULL),(2667,534,'Room 2',8000,'empty',NULL),(2668,534,'Room 3',8000,'empty',NULL),(2669,534,'Room 4',8000,'empty',NULL),(2670,534,'Room 5',8000,'empty',NULL),(2671,535,'Room 1',8000,'empty',NULL),(2672,535,'Room 2',8000,'empty',NULL),(2673,535,'Room 3',8000,'empty',NULL),(2674,535,'Room 4',8000,'empty',NULL),(2675,535,'Room 5',8000,'empty',NULL),(2676,536,'Room 1',8000,'empty',NULL),(2677,536,'Room 2',8000,'empty',NULL),(2678,536,'Room 3',8000,'empty',NULL),(2679,536,'Room 4',8000,'empty',NULL),(2680,536,'Room 5',8000,'empty',NULL),(2681,537,'Room 1',8000,'empty',NULL),(2682,537,'Room 2',8000,'empty',NULL),(2683,537,'Room 3',8000,'empty',NULL),(2684,537,'Room 4',8000,'empty',NULL),(2685,537,'Room 5',8000,'empty',NULL),(2686,538,'Room 1',8000,'empty',NULL),(2687,538,'Room 2',8000,'empty',NULL),(2688,538,'Room 3',8000,'empty',NULL),(2689,538,'Room 4',8000,'empty',NULL),(2690,538,'Room 5',8000,'empty',NULL),(2691,539,'Room 1',8000,'empty',NULL),(2692,539,'Room 2',8000,'empty',NULL),(2693,539,'Room 3',8000,'empty',NULL),(2694,539,'Room 4',8000,'empty',NULL),(2695,539,'Room 5',8000,'empty',NULL),(2696,540,'Room 1',8000,'empty',NULL),(2697,540,'Room 2',8000,'empty',NULL),(2698,540,'Room 3',8000,'empty',NULL),(2699,540,'Room 4',8000,'empty',NULL),(2700,540,'Room 5',8000,'empty',NULL);

/*Table structure for table `user` */

DROP TABLE IF EXISTS `user`;

CREATE TABLE `user` (
  `user_id` int(10) NOT NULL AUTO_INCREMENT,
  `matric_no` varchar(20) DEFAULT NULL,
  `fname` varchar(50) DEFAULT NULL,
  `lname` varchar(50) DEFAULT NULL,
  `address` varchar(255) DEFAULT NULL,
  `password` text DEFAULT NULL,
  `email` varchar(50) DEFAULT NULL,
  `phoneno` varchar(12) DEFAULT NULL,
  `faculty` varchar(20) DEFAULT NULL,
  `type` varchar(20) DEFAULT NULL,
  PRIMARY KEY (`user_id`)
) ENGINE=InnoDB AUTO_INCREMENT=9 DEFAULT CHARSET=latin1;

/*Data for the table `user` */

insert  into `user`(`user_id`,`matric_no`,`fname`,`lname`,`address`,`password`,`email`,`phoneno`,`faculty`,`type`) values (1,'admin','admin123','admin','','*667F407DE7C6AD07358FA38DAED7828A72014B4E','','','','admin'),(2,'b1','abc1111','efg','','*667F407DE7C6AD07358FA38DAED7828A72014B4E','abc@gmail.com','0123456789','FTMK','user'),(8,'aaa','aaaaaaa12321','fgsfsfs','ssss','*23AE809DDACAF96AF0FD78ED04B6A265E05AA257','aaa','1111','FTMK','user');

/*!40101 SET SQL_MODE=@OLD_SQL_MODE */;
/*!40014 SET FOREIGN_KEY_CHECKS=@OLD_FOREIGN_KEY_CHECKS */;
/*!40014 SET UNIQUE_CHECKS=@OLD_UNIQUE_CHECKS */;
/*!40111 SET SQL_NOTES=@OLD_SQL_NOTES */;
